'Elapsed time','MLII'
'hh:mm:ss.mmm','mV'
'0:10.000',-0.420
'0:10.003',-0.425
'0:10.006',-0.435
'0:10.008',-0.405
'0:10.011',-0.390
'0:10.014',-0.395
'0:10.017',-0.420
'0:10.019',-0.440
'0:10.022',-0.435
'0:10.025',-0.430
'0:10.028',-0.440
'0:10.031',-0.450
'0:10.033',-0.465
'0:10.036',-0.470
'0:10.039',-0.450
'0:10.042',-0.435
'0:10.044',-0.450
'0:10.047',-0.450
'0:10.050',-0.460
'0:10.053',-0.470
'0:10.056',-0.460
'0:10.058',-0.435
'0:10.061',-0.430
'0:10.064',-0.440
'0:10.067',-0.445
'0:10.069',-0.450
'0:10.072',-0.435
'0:10.075',-0.415
'0:10.078',-0.410
'0:10.081',-0.410
'0:10.083',-0.410
'0:10.086',-0.425
'0:10.089',-0.415
'0:10.092',-0.410
'0:10.094',-0.430
'0:10.097',-0.475
'0:10.100',-0.530
'0:10.103',-0.545
'0:10.106',-0.520
'0:10.108',-0.440
'0:10.111',-0.290
'0:10.114',-0.015
'0:10.117',0.375
'0:10.119',0.905
'0:10.122',1.420
'0:10.125',1.825
'0:10.128',2.055
'0:10.131',2.110
'0:10.133',1.945
'0:10.136',1.500
'0:10.139',0.860
'0:10.142',0.220
'0:10.144',-0.420
'0:10.147',-0.705
'0:10.150',-0.655
'0:10.153',-0.580
'0:10.156',-0.555
'0:10.158',-0.550
'0:10.161',-0.565
'0:10.164',-0.565
'0:10.167',-0.545
'0:10.169',-0.505
'0:10.172',-0.460
'0:10.175',-0.390
'0:10.178',-0.365
'0:10.181',-0.355
'0:10.183',-0.365
'0:10.186',-0.370
'0:10.189',-0.350
'0:10.192',-0.350
'0:10.194',-0.320
'0:10.197',-0.325
'0:10.200',-0.340
'0:10.203',-0.340
'0:10.206',-0.340
'0:10.208',-0.315
'0:10.211',-0.315
'0:10.214',-0.315
'0:10.217',-0.320
'0:10.219',-0.335
'0:10.222',-0.320
'0:10.225',-0.300
'0:10.228',-0.295
'0:10.231',-0.305
'0:10.233',-0.310
'0:10.236',-0.320
'0:10.239',-0.310
'0:10.242',-0.285
'0:10.244',-0.270
'0:10.247',-0.285
'0:10.250',-0.285
'0:10.253',-0.290
'0:10.256',-0.295
'0:10.258',-0.270
'0:10.261',-0.270
'0:10.264',-0.265
'0:10.267',-0.280
'0:10.269',-0.295
'0:10.272',-0.265
'0:10.275',-0.250
'0:10.278',-0.230
'0:10.281',-0.245
'0:10.283',-0.255
'0:10.286',-0.250
'0:10.289',-0.245
'0:10.292',-0.235
'0:10.294',-0.225
'0:10.297',-0.225
'0:10.300',-0.235
'0:10.303',-0.215
'0:10.306',-0.205
'0:10.308',-0.195
'0:10.311',-0.195
'0:10.314',-0.185
'0:10.317',-0.195
'0:10.319',-0.195
'0:10.322',-0.175
'0:10.325',-0.160
'0:10.328',-0.145
'0:10.331',-0.150
'0:10.333',-0.155
'0:10.336',-0.155
'0:10.339',-0.140
'0:10.342',-0.105
'0:10.344',-0.095
'0:10.347',-0.095
'0:10.350',-0.105
'0:10.353',-0.105
'0:10.356',-0.080
'0:10.358',-0.060
'0:10.361',-0.045
'0:10.364',-0.040
'0:10.367',-0.030
'0:10.369',-0.040
'0:10.372',-0.010
'0:10.375',0.020
'0:10.378',0.040
'0:10.381',0.055
'0:10.383',0.040
'0:10.386',0.060
'0:10.389',0.090
'0:10.392',0.125
'0:10.394',0.150
'0:10.397',0.165
'0:10.400',0.175
'0:10.403',0.195
'0:10.406',0.220
'0:10.408',0.250
'0:10.411',0.285
'0:10.414',0.315
'0:10.417',0.325
'0:10.419',0.340
'0:10.422',0.395
'0:10.425',0.440
'0:10.428',0.475
'0:10.431',0.495
'0:10.433',0.515
'0:10.436',0.540
'0:10.439',0.580
'0:10.442',0.625
'0:10.444',0.670
'0:10.447',0.680
'0:10.450',0.700
'0:10.453',0.720
'0:10.456',0.730
'0:10.458',0.765
'0:10.461',0.810
'0:10.464',0.790
'0:10.467',0.800
'0:10.469',0.780
'0:10.472',0.790
'0:10.475',0.780
'0:10.478',0.745
'0:10.481',0.715
'0:10.483',0.660
'0:10.486',0.580
'0:10.489',0.545
'0:10.492',0.495
'0:10.494',0.430
'0:10.497',0.355
'0:10.500',0.295
'0:10.503',0.220
'0:10.506',0.165
'0:10.508',0.110
'0:10.511',0.060
'0:10.514',-0.015
'0:10.517',-0.085
'0:10.519',-0.120
'0:10.522',-0.150
'0:10.525',-0.165
'0:10.528',-0.185
'0:10.531',-0.230
'0:10.533',-0.260
'0:10.536',-0.285
'0:10.539',-0.290
'0:10.542',-0.295
'0:10.544',-0.315
'0:10.547',-0.330
'0:10.550',-0.345
'0:10.553',-0.365
'0:10.556',-0.350
'0:10.558',-0.345
'0:10.561',-0.350
'0:10.564',-0.355
'0:10.567',-0.370
'0:10.569',-0.385
'0:10.572',-0.390
'0:10.575',-0.360
'0:10.578',-0.370
'0:10.581',-0.370
'0:10.583',-0.400
'0:10.586',-0.390
'0:10.589',-0.395
'0:10.592',-0.385
'0:10.594',-0.380
'0:10.597',-0.380
'0:10.600',-0.390
'0:10.603',-0.395
'0:10.606',-0.385
'0:10.608',-0.375
'0:10.611',-0.365
'0:10.614',-0.375
'0:10.617',-0.385
'0:10.619',-0.395
'0:10.622',-0.380
'0:10.625',-0.380
'0:10.628',-0.385
'0:10.631',-0.370
'0:10.633',-0.385
'0:10.636',-0.380
'0:10.639',-0.375
'0:10.642',-0.365
'0:10.644',-0.365
'0:10.647',-0.365
'0:10.650',-0.390
'0:10.653',-0.385
'0:10.656',-0.370
'0:10.658',-0.355
'0:10.661',-0.350
'0:10.664',-0.355
'0:10.667',-0.375
'0:10.669',-0.380
'0:10.672',-0.375
'0:10.675',-0.365
'0:10.678',-0.360
'0:10.681',-0.360
'0:10.683',-0.370
'0:10.686',-0.375
'0:10.689',-0.365
'0:10.692',-0.360
'0:10.694',-0.355
'0:10.697',-0.365
'0:10.700',-0.380
'0:10.703',-0.385
'0:10.706',-0.375
'0:10.708',-0.355
'0:10.711',-0.360
'0:10.714',-0.370
'0:10.717',-0.380
'0:10.719',-0.380
'0:10.722',-0.370
'0:10.725',-0.360
'0:10.728',-0.365
'0:10.731',-0.370
'0:10.733',-0.400
'0:10.736',-0.405
'0:10.739',-0.400
'0:10.742',-0.380
'0:10.744',-0.370
'0:10.747',-0.375
'0:10.750',-0.390
'0:10.753',-0.385
'0:10.756',-0.385
'0:10.758',-0.360
'0:10.761',-0.370
'0:10.764',-0.380
'0:10.767',-0.395
'0:10.769',-0.380
'0:10.772',-0.365
'0:10.775',-0.355
'0:10.778',-0.360
'0:10.781',-0.365
'0:10.783',-0.375
'0:10.786',-0.385
'0:10.789',-0.370
'0:10.792',-0.365
'0:10.794',-0.355
'0:10.797',-0.370
'0:10.800',-0.380
'0:10.803',-0.390
'0:10.806',-0.380
'0:10.808',-0.375
'0:10.811',-0.355
'0:10.814',-0.380
'0:10.817',-0.390
'0:10.819',-0.385
'0:10.822',-0.375
'0:10.825',-0.355
'0:10.828',-0.365
'0:10.831',-0.365
'0:10.833',-0.380
'0:10.836',-0.370
'0:10.839',-0.370
'0:10.842',-0.355
'0:10.844',-0.365
'0:10.847',-0.350
'0:10.850',-0.365
'0:10.853',-0.380
'0:10.856',-0.360
'0:10.858',-0.350
'0:10.861',-0.340
'0:10.864',-0.355
'0:10.867',-0.360
'0:10.869',-0.360
'0:10.872',-0.345
'0:10.875',-0.345
'0:10.878',-0.335
'0:10.881',-0.340
'0:10.883',-0.355
'0:10.886',-0.370
'0:10.889',-0.355
'0:10.892',-0.330
'0:10.894',-0.330
'0:10.897',-0.355
'0:10.900',-0.360
'0:10.903',-0.350
'0:10.906',-0.335
'0:10.908',-0.325
'0:10.911',-0.325
'0:10.914',-0.330
'0:10.917',-0.340
'0:10.919',-0.355
'0:10.922',-0.330
'0:10.925',-0.325
'0:10.928',-0.325
'0:10.931',-0.320
'0:10.933',-0.350
'0:10.936',-0.335
'0:10.939',-0.325
'0:10.942',-0.315
'0:10.944',-0.305
'0:10.947',-0.315
'0:10.950',-0.320
'0:10.953',-0.350
'0:10.956',-0.330
'0:10.958',-0.305
'0:10.961',-0.305
'0:10.964',-0.320
'0:10.967',-0.330
'0:10.969',-0.315
'0:10.972',-0.305
'0:10.975',-0.285
'0:10.978',-0.285
'0:10.981',-0.285
'0:10.983',-0.290
'0:10.986',-0.285
'0:10.989',-0.280
'0:10.992',-0.260
'0:10.994',-0.245
'0:10.997',-0.240
'0:11.000',-0.250
'0:11.003',-0.255
'0:11.006',-0.250
'0:11.008',-0.225
'0:11.011',-0.215
'0:11.014',-0.215
'0:11.017',-0.210
'0:11.019',-0.220
'0:11.022',-0.225
'0:11.025',-0.215
'0:11.028',-0.210
'0:11.031',-0.220
'0:11.033',-0.240
'0:11.036',-0.240
'0:11.039',-0.250
'0:11.042',-0.230
'0:11.044',-0.245
'0:11.047',-0.255
'0:11.050',-0.280
'0:11.053',-0.290
'0:11.056',-0.290
'0:11.058',-0.270
'0:11.061',-0.270
'0:11.064',-0.265
'0:11.067',-0.285
'0:11.069',-0.275
'0:11.072',-0.265
'0:11.075',-0.260
'0:11.078',-0.250
'0:11.081',-0.260
'0:11.083',-0.270
'0:11.086',-0.290
'0:11.089',-0.265
'0:11.092',-0.245
'0:11.094',-0.240
'0:11.097',-0.250
'0:11.100',-0.270
'0:11.103',-0.250
'0:11.106',-0.235
'0:11.108',-0.220
'0:11.111',-0.215
'0:11.114',-0.220
'0:11.117',-0.255
'0:11.119',-0.280
'0:11.122',-0.310
'0:11.125',-0.315
'0:11.128',-0.335
'0:11.131',-0.350
'0:11.133',-0.335
'0:11.136',-0.260
'0:11.139',-0.070
'0:11.142',0.240
'0:11.144',0.680
'0:11.147',1.145
'0:11.150',1.565
'0:11.153',1.875
'0:11.156',2.075
'0:11.158',2.125
'0:11.161',1.935
'0:11.164',1.425
'0:11.167',0.785
'0:11.169',0.145
'0:11.172',-0.495
'0:11.175',-0.535
'0:11.178',-0.425
'0:11.181',-0.360
'0:11.183',-0.385
'0:11.186',-0.425
'0:11.189',-0.405
'0:11.192',-0.375
'0:11.194',-0.370
'0:11.197',-0.345
'0:11.200',-0.330
'0:11.203',-0.290
'0:11.206',-0.225
'0:11.208',-0.195
'0:11.211',-0.160
'0:11.214',-0.180
'0:11.217',-0.190
'0:11.219',-0.190
'0:11.222',-0.190
'0:11.225',-0.165
'0:11.228',-0.150
'0:11.231',-0.170
'0:11.233',-0.175
'0:11.236',-0.165
'0:11.239',-0.155
'0:11.242',-0.135
'0:11.244',-0.130
'0:11.247',-0.130
'0:11.250',-0.150
'0:11.253',-0.155
'0:11.256',-0.130
'0:11.258',-0.115
'0:11.261',-0.115
'0:11.264',-0.130
'0:11.267',-0.125
'0:11.269',-0.145
'0:11.272',-0.135
'0:11.275',-0.110
'0:11.278',-0.115
'0:11.281',-0.105
'0:11.283',-0.120
'0:11.286',-0.125
'0:11.289',-0.110
'0:11.292',-0.085
'0:11.294',-0.085
'0:11.297',-0.080
'0:11.300',-0.110
'0:11.303',-0.100
'0:11.306',-0.090
'0:11.308',-0.075
'0:11.311',-0.075
'0:11.314',-0.080
'0:11.317',-0.090
'0:11.319',-0.085
'0:11.322',-0.060
'0:11.325',-0.055
'0:11.328',-0.040
'0:11.331',-0.045
'0:11.333',-0.055
'0:11.336',-0.055
'0:11.339',-0.040
'0:11.342',-0.020
'0:11.344',-0.025
'0:11.347',-0.015
'0:11.350',-0.020
'0:11.353',-0.030
'0:11.356',-0.015
'0:11.358',-0.005
'0:11.361',0.015
'0:11.364',0.015
'0:11.367',0.015
'0:11.369',0.015
'0:11.372',0.015
'0:11.375',0.055
'0:11.378',0.070
'0:11.381',0.065
'0:11.383',0.065
'0:11.386',0.065
'0:11.389',0.090
'0:11.392',0.105
'0:11.394',0.140
'0:11.397',0.120
'0:11.400',0.135
'0:11.403',0.120
'0:11.406',0.155
'0:11.408',0.165
'0:11.411',0.190
'0:11.414',0.200
'0:11.417',0.195
'0:11.419',0.200
'0:11.422',0.250
'0:11.425',0.265
'0:11.428',0.295
'0:11.431',0.300
'0:11.433',0.325
'0:11.436',0.345
'0:11.439',0.385
'0:11.442',0.415
'0:11.444',0.440
'0:11.447',0.480
'0:11.450',0.485
'0:11.453',0.500
'0:11.456',0.540
'0:11.458',0.580
'0:11.461',0.615
'0:11.464',0.640
'0:11.467',0.650
'0:11.469',0.670
'0:11.472',0.705
'0:11.475',0.735
'0:11.478',0.770
'0:11.481',0.780
'0:11.483',0.795
'0:11.486',0.805
'0:11.489',0.835
'0:11.492',0.875
'0:11.494',0.915
'0:11.497',0.925
'0:11.500',0.920
'0:11.503',0.910
'0:11.506',0.925
'0:11.508',0.930
'0:11.511',0.900
'0:11.514',0.855
'0:11.517',0.830
'0:11.519',0.770
'0:11.522',0.735
'0:11.525',0.700
'0:11.528',0.650
'0:11.531',0.585
'0:11.533',0.505
'0:11.536',0.440
'0:11.539',0.395
'0:11.542',0.340
'0:11.544',0.270
'0:11.547',0.200
'0:11.550',0.135
'0:11.553',0.075
'0:11.556',0.035
'0:11.558',0.005
'0:11.561',-0.020
'0:11.564',-0.065
'0:11.567',-0.110
'0:11.569',-0.140
'0:11.572',-0.150
'0:11.575',-0.160
'0:11.578',-0.180
'0:11.581',-0.210
'0:11.583',-0.235
'0:11.586',-0.240
'0:11.589',-0.245
'0:11.592',-0.235
'0:11.594',-0.240
'0:11.597',-0.250
'0:11.600',-0.280
'0:11.603',-0.275
'0:11.606',-0.270
'0:11.608',-0.260
'0:11.611',-0.265
'0:11.614',-0.280
'0:11.617',-0.295
'0:11.619',-0.295
'0:11.622',-0.285
'0:11.625',-0.280
'0:11.628',-0.285
'0:11.631',-0.285
'0:11.633',-0.305
'0:11.636',-0.305
'0:11.639',-0.305
'0:11.642',-0.290
'0:11.644',-0.285
'0:11.647',-0.295
'0:11.650',-0.305
'0:11.653',-0.315
'0:11.656',-0.300
'0:11.658',-0.285
'0:11.661',-0.270
'0:11.664',-0.290
'0:11.667',-0.295
'0:11.669',-0.300
'0:11.672',-0.305
'0:11.675',-0.285
'0:11.678',-0.275
'0:11.681',-0.275
'0:11.683',-0.290
'0:11.686',-0.290
'0:11.689',-0.290
'0:11.692',-0.275
'0:11.694',-0.270
'0:11.697',-0.285
'0:11.700',-0.305
'0:11.703',-0.290
'0:11.706',-0.280
'0:11.708',-0.270
'0:11.711',-0.285
'0:11.714',-0.280
'0:11.717',-0.300
'0:11.719',-0.295
'0:11.722',-0.290
'0:11.725',-0.270
'0:11.728',-0.275
'0:11.731',-0.285
'0:11.733',-0.305
'0:11.736',-0.305
'0:11.739',-0.300
'0:11.742',-0.280
'0:11.744',-0.280
'0:11.747',-0.295
'0:11.750',-0.320
'0:11.753',-0.325
'0:11.756',-0.310
'0:11.758',-0.300
'0:11.761',-0.295
'0:11.764',-0.305
'0:11.767',-0.310
'0:11.769',-0.320
'0:11.772',-0.325
'0:11.775',-0.320
'0:11.778',-0.315
'0:11.781',-0.315
'0:11.783',-0.320
'0:11.786',-0.345
'0:11.789',-0.320
'0:11.792',-0.315
'0:11.794',-0.315
'0:11.797',-0.325
'0:11.800',-0.335
'0:11.803',-0.340
'0:11.806',-0.330
'0:11.808',-0.310
'0:11.811',-0.335
'0:11.814',-0.335
'0:11.817',-0.350
'0:11.819',-0.355
'0:11.822',-0.335
'0:11.825',-0.335
'0:11.828',-0.320
'0:11.831',-0.330
'0:11.833',-0.345
'0:11.836',-0.350
'0:11.839',-0.345
'0:11.842',-0.335
'0:11.844',-0.330
'0:11.847',-0.340
'0:11.850',-0.350
'0:11.853',-0.340
'0:11.856',-0.355
'0:11.858',-0.330
'0:11.861',-0.330
'0:11.864',-0.340
'0:11.867',-0.350
'0:11.869',-0.360
'0:11.872',-0.340
'0:11.875',-0.340
'0:11.878',-0.340
'0:11.881',-0.335
'0:11.883',-0.360
'0:11.886',-0.360
'0:11.889',-0.355
'0:11.892',-0.335
'0:11.894',-0.325
'0:11.897',-0.340
'0:11.900',-0.350
'0:11.903',-0.340
'0:11.906',-0.305
'0:11.908',-0.290
'0:11.911',-0.270
'0:11.914',-0.280
'0:11.917',-0.290
'0:11.919',-0.290
'0:11.922',-0.285
'0:11.925',-0.260
'0:11.928',-0.240
'0:11.931',-0.240
'0:11.933',-0.240
'0:11.936',-0.230
'0:11.939',-0.225
'0:11.942',-0.210
'0:11.944',-0.210
'0:11.947',-0.240
'0:11.950',-0.290
'0:11.953',-0.290
'0:11.956',-0.285
'0:11.958',-0.280
'0:11.961',-0.265
'0:11.964',-0.275
'0:11.967',-0.300
'0:11.969',-0.320
'0:11.972',-0.320
'0:11.975',-0.320
'0:11.978',-0.320
'0:11.981',-0.355
'0:11.983',-0.360
'0:11.986',-0.340
'0:11.989',-0.340
'0:11.992',-0.330
'0:11.994',-0.340
'0:11.997',-0.335
'0:12.000',-0.345
'0:12.003',-0.345
'0:12.006',-0.335
'0:12.008',-0.320
'0:12.011',-0.330
'0:12.014',-0.330
'0:12.017',-0.340
'0:12.019',-0.345
'0:12.022',-0.335
'0:12.025',-0.320
'0:12.028',-0.310
'0:12.031',-0.315
'0:12.033',-0.330
'0:12.036',-0.325
'0:12.039',-0.305
'0:12.042',-0.300
'0:12.044',-0.305
'0:12.047',-0.320
'0:12.050',-0.350
'0:12.053',-0.395
'0:12.056',-0.425
'0:12.058',-0.440
'0:12.061',-0.430
'0:12.064',-0.390
'0:12.067',-0.295
'0:12.069',-0.075
'0:12.072',0.255
'0:12.075',0.710
'0:12.078',1.160
'0:12.081',1.550
'0:12.083',1.830
'0:12.086',2.020
'0:12.089',2.080
'0:12.092',1.975
'0:12.094',1.575
'0:12.097',0.935
'0:12.100',0.295
'0:12.103',-0.345
'0:12.106',-0.660
'0:12.108',-0.595
'0:12.111',-0.500
'0:12.114',-0.490
'0:12.117',-0.535
'0:12.119',-0.530
'0:12.122',-0.510
'0:12.125',-0.480
'0:12.128',-0.470
'0:12.131',-0.450
'0:12.133',-0.405
'0:12.136',-0.360
'0:12.139',-0.325
'0:12.142',-0.290
'0:12.144',-0.300
'0:12.147',-0.300
'0:12.150',-0.310
'0:12.153',-0.330
'0:12.156',-0.305
'0:12.158',-0.290
'0:12.161',-0.295
'0:12.164',-0.290
'0:12.167',-0.300
'0:12.169',-0.285
'0:12.172',-0.285
'0:12.175',-0.270
'0:12.178',-0.265
'0:12.181',-0.285
'0:12.183',-0.295
'0:12.186',-0.285
'0:12.189',-0.270
'0:12.192',-0.275
'0:12.194',-0.265
'0:12.197',-0.265
'0:12.200',-0.285
'0:12.203',-0.285
'0:12.206',-0.260
'0:12.208',-0.245
'0:12.211',-0.230
'0:12.214',-0.240
'0:12.217',-0.265
'0:12.219',-0.250
'0:12.222',-0.260
'0:12.225',-0.235
'0:12.228',-0.235
'0:12.231',-0.225
'0:12.233',-0.245
'0:12.236',-0.250
'0:12.239',-0.235
'0:12.242',-0.220
'0:12.244',-0.215
'0:12.247',-0.205
'0:12.250',-0.210
'0:12.253',-0.220
'0:12.256',-0.205
'0:12.258',-0.190
'0:12.261',-0.180
'0:12.264',-0.170
'0:12.267',-0.200
'0:12.269',-0.185
'0:12.272',-0.185
'0:12.275',-0.160
'0:12.278',-0.150
'0:12.281',-0.150
'0:12.283',-0.155
'0:12.286',-0.155
'0:12.289',-0.140
'0:12.292',-0.115
'0:12.294',-0.100
'0:12.297',-0.115
'0:12.300',-0.120
'0:12.303',-0.120
'0:12.306',-0.115
'0:12.308',-0.085
'0:12.311',-0.065
'0:12.314',-0.065
'0:12.317',-0.065
'0:12.319',-0.060
'0:12.322',-0.045
'0:12.325',-0.020
'0:12.328',0.000
'0:12.331',-0.005
'0:12.333',0.010
'0:12.336',0.015
'0:12.339',0.035
'0:12.342',0.050
'0:12.344',0.070
'0:12.347',0.080
'0:12.350',0.090
'0:12.353',0.110
'0:12.356',0.135
'0:12.358',0.165
'0:12.361',0.190
'0:12.364',0.210
'0:12.367',0.210
'0:12.369',0.245
'0:12.372',0.270
'0:12.375',0.310
'0:12.378',0.340
'0:12.381',0.380
'0:12.383',0.385
'0:12.386',0.405
'0:12.389',0.435
'0:12.392',0.470
'0:12.394',0.530
'0:12.397',0.560
'0:12.400',0.570
'0:12.403',0.605
'0:12.406',0.645
'0:12.408',0.680
'0:12.411',0.715
'0:12.414',0.735
'0:12.417',0.735
'0:12.419',0.755
'0:12.422',0.800
'0:12.425',0.825
'0:12.428',0.860
'0:12.431',0.845
'0:12.433',0.845
'0:12.436',0.830
'0:12.439',0.815
'0:12.442',0.810
'0:12.444',0.780
'0:12.447',0.720
'0:12.450',0.655
'0:12.453',0.595
'0:12.456',0.525
'0:12.458',0.475
'0:12.461',0.405
'0:12.464',0.330
'0:12.467',0.245
'0:12.469',0.165
'0:12.472',0.110
'0:12.475',0.060
'0:12.478',0.015
'0:12.481',-0.045
'0:12.483',-0.095
'0:12.486',-0.140
'0:12.489',-0.185
'0:12.492',-0.190
'0:12.494',-0.220
'0:12.497',-0.250
'0:12.500',-0.290
'0:12.503',-0.315
'0:12.506',-0.315
'0:12.508',-0.320
'0:12.511',-0.325
'0:12.514',-0.335
'0:12.517',-0.375
'0:12.519',-0.370
'0:12.522',-0.370
'0:12.525',-0.375
'0:12.528',-0.370
'0:12.531',-0.375
'0:12.533',-0.395
'0:12.536',-0.395
'0:12.539',-0.390
'0:12.542',-0.395
'0:12.544',-0.390
'0:12.547',-0.385
'0:12.550',-0.400
'0:12.553',-0.410
'0:12.556',-0.400
'0:12.558',-0.385
'0:12.561',-0.375
'0:12.564',-0.385
'0:12.567',-0.390
'0:12.569',-0.405
'0:12.572',-0.400
'0:12.575',-0.375
'0:12.578',-0.380
'0:12.581',-0.395
'0:12.583',-0.385
'0:12.586',-0.390
'0:12.589',-0.385
'0:12.592',-0.380
'0:12.594',-0.370
'0:12.597',-0.380
'0:12.600',-0.385
'0:12.603',-0.390
'0:12.606',-0.375
'0:12.608',-0.370
'0:12.611',-0.360
'0:12.614',-0.390
'0:12.617',-0.390
'0:12.619',-0.395
'0:12.622',-0.375
'0:12.625',-0.365
'0:12.628',-0.360
'0:12.631',-0.370
'0:12.633',-0.380
'0:12.636',-0.370
'0:12.639',-0.375
'0:12.642',-0.360
'0:12.644',-0.355
'0:12.647',-0.370
'0:12.650',-0.375
'0:12.653',-0.385
'0:12.656',-0.385
'0:12.658',-0.355
'0:12.661',-0.365
'0:12.664',-0.380
'0:12.667',-0.405
'0:12.669',-0.390
'0:12.672',-0.390
'0:12.675',-0.375
'0:12.678',-0.385
'0:12.681',-0.390
'0:12.683',-0.405
'0:12.686',-0.390
'0:12.689',-0.390
'0:12.692',-0.395
'0:12.694',-0.380
'0:12.697',-0.390
'0:12.700',-0.405
'0:12.703',-0.405
'0:12.706',-0.395
'0:12.708',-0.385
'0:12.711',-0.385
'0:12.714',-0.385
'0:12.717',-0.405
'0:12.719',-0.420
'0:12.722',-0.415
'0:12.725',-0.385
'0:12.728',-0.375
'0:12.731',-0.390
'0:12.733',-0.410
'0:12.736',-0.435
'0:12.739',-0.415
'0:12.742',-0.410
'0:12.744',-0.385
'0:12.747',-0.390
'0:12.750',-0.410
'0:12.753',-0.410
'0:12.756',-0.400
'0:12.758',-0.390
'0:12.761',-0.395
'0:12.764',-0.415
'0:12.767',-0.430
'0:12.769',-0.425
'0:12.772',-0.420
'0:12.775',-0.400
'0:12.778',-0.395
'0:12.781',-0.405
'0:12.783',-0.420
'0:12.786',-0.415
'0:12.789',-0.425
'0:12.792',-0.400
'0:12.794',-0.400
'0:12.797',-0.400
'0:12.800',-0.410
'0:12.803',-0.425
'0:12.806',-0.395
'0:12.808',-0.405
'0:12.811',-0.385
'0:12.814',-0.390
'0:12.817',-0.400
'0:12.819',-0.415
'0:12.822',-0.395
'0:12.825',-0.390
'0:12.828',-0.385
'0:12.831',-0.395
'0:12.833',-0.420
'0:12.836',-0.420
'0:12.839',-0.405
'0:12.842',-0.405
'0:12.844',-0.400
'0:12.847',-0.410
'0:12.850',-0.410
'0:12.853',-0.390
'0:12.856',-0.395
'0:12.858',-0.390
'0:12.861',-0.385
'0:12.864',-0.400
'0:12.867',-0.395
'0:12.869',-0.395
'0:12.872',-0.385
'0:12.875',-0.355
'0:12.878',-0.340
'0:12.881',-0.340
'0:12.883',-0.335
'0:12.886',-0.330
'0:12.889',-0.330
'0:12.892',-0.325
'0:12.894',-0.320
'0:12.897',-0.305
'0:12.900',-0.310
'0:12.903',-0.290
'0:12.906',-0.295
'0:12.908',-0.270
'0:12.911',-0.250
'0:12.914',-0.265
'0:12.917',-0.285
'0:12.919',-0.285
'0:12.922',-0.285
'0:12.925',-0.290
'0:12.928',-0.295
'0:12.931',-0.315
'0:12.933',-0.335
'0:12.936',-0.335
'0:12.939',-0.360
'0:12.942',-0.350
'0:12.944',-0.355
'0:12.947',-0.360
'0:12.950',-0.390
'0:12.953',-0.405
'0:12.956',-0.380
'0:12.958',-0.370
'0:12.961',-0.375
'0:12.964',-0.390
'0:12.967',-0.400
'0:12.969',-0.385
'0:12.972',-0.370
'0:12.975',-0.365
'0:12.978',-0.365
'0:12.981',-0.370
'0:12.983',-0.380
'0:12.986',-0.375
'0:12.989',-0.360
'0:12.992',-0.350
'0:12.994',-0.350
'0:12.997',-0.370
'0:13.000',-0.360
'0:13.003',-0.350
'0:13.006',-0.340
'0:13.008',-0.315
'0:13.011',-0.315
'0:13.014',-0.325
'0:13.017',-0.350
'0:13.019',-0.380
'0:13.022',-0.390
'0:13.025',-0.410
'0:13.028',-0.425
'0:13.031',-0.430
'0:13.033',-0.405
'0:13.036',-0.295
'0:13.039',-0.060
'0:13.042',0.310
'0:13.044',0.825
'0:13.047',1.335
'0:13.050',1.750
'0:13.053',2.020
'0:13.056',2.130
'0:13.058',1.990
'0:13.061',1.510
'0:13.064',0.870
'0:13.067',0.230
'0:13.069',-0.410
'0:13.072',-0.680
'0:13.075',-0.540
'0:13.078',-0.470
'0:13.081',-0.480
'0:13.083',-0.510
'0:13.086',-0.510
'0:13.089',-0.480
'0:13.092',-0.425
'0:13.094',-0.390
'0:13.097',-0.350
'0:13.100',-0.320
'0:13.103',-0.285
'0:13.106',-0.285
'0:13.108',-0.270
'0:13.111',-0.275
'0:13.114',-0.265
'0:13.117',-0.285
'0:13.119',-0.285
'0:13.122',-0.295
'0:13.125',-0.260
'0:13.128',-0.250
'0:13.131',-0.260
'0:13.133',-0.270
'0:13.136',-0.260
'0:13.139',-0.260
'0:13.142',-0.240
'0:13.144',-0.240
'0:13.147',-0.245
'0:13.150',-0.240
'0:13.153',-0.245
'0:13.156',-0.235
'0:13.158',-0.225
'0:13.161',-0.225
'0:13.164',-0.245
'0:13.167',-0.240
'0:13.169',-0.235
'0:13.172',-0.240
'0:13.175',-0.225
'0:13.178',-0.210
'0:13.181',-0.215
'0:13.183',-0.220
'0:13.186',-0.230
'0:13.189',-0.220
'0:13.192',-0.205
'0:13.194',-0.190
'0:13.197',-0.195
'0:13.200',-0.205
'0:13.203',-0.215
'0:13.206',-0.190
'0:13.208',-0.180
'0:13.211',-0.165
'0:13.214',-0.185
'0:13.217',-0.180
'0:13.219',-0.180
'0:13.222',-0.170
'0:13.225',-0.160
'0:13.228',-0.140
'0:13.231',-0.155
'0:13.233',-0.155
'0:13.236',-0.160
'0:13.239',-0.140
'0:13.242',-0.120
'0:13.244',-0.110
'0:13.247',-0.110
'0:13.250',-0.130
'0:13.253',-0.130
'0:13.256',-0.105
'0:13.258',-0.080
'0:13.261',-0.075
'0:13.264',-0.080
'0:13.267',-0.075
'0:13.269',-0.075
'0:13.272',-0.050
'0:13.275',-0.025
'0:13.278',-0.015
'0:13.281',-0.010
'0:13.283',-0.010
'0:13.286',0.005
'0:13.289',0.025
'0:13.292',0.050
'0:13.294',0.065
'0:13.297',0.070
'0:13.300',0.075
'0:13.303',0.080
'0:13.306',0.105
'0:13.308',0.130
'0:13.311',0.140
'0:13.314',0.165
'0:13.317',0.175
'0:13.319',0.180
'0:13.322',0.215
'0:13.325',0.250
'0:13.328',0.275
'0:13.331',0.300
'0:13.333',0.310
'0:13.336',0.325
'0:13.339',0.370
'0:13.342',0.410
'0:13.344',0.445
'0:13.347',0.470
'0:13.350',0.480
'0:13.353',0.515
'0:13.356',0.535
'0:13.358',0.575
'0:13.361',0.625
'0:13.364',0.635
'0:13.367',0.640
'0:13.369',0.670
'0:13.372',0.700
'0:13.375',0.730
'0:13.378',0.765
'0:13.381',0.790
'0:13.383',0.775
'0:13.386',0.805
'0:13.389',0.825
'0:13.392',0.845
'0:13.394',0.850
'0:13.397',0.830
'0:13.400',0.800
'0:13.403',0.770
'0:13.406',0.755
'0:13.408',0.720
'0:13.411',0.685
'0:13.414',0.620
'0:13.417',0.555
'0:13.419',0.495
'0:13.422',0.425
'0:13.425',0.385
'0:13.428',0.320
'0:13.431',0.245
'0:13.433',0.170
'0:13.436',0.120
'0:13.439',0.050
'0:13.442',0.035
'0:13.444',-0.015
'0:13.447',-0.065
'0:13.450',-0.115
'0:13.453',-0.145
'0:13.456',-0.170
'0:13.458',-0.175
'0:13.461',-0.210
'0:13.464',-0.235
'0:13.467',-0.265
'0:13.469',-0.275
'0:13.472',-0.295
'0:13.475',-0.290
'0:13.478',-0.295
'0:13.481',-0.315
'0:13.483',-0.325
'0:13.486',-0.345
'0:13.489',-0.335
'0:13.492',-0.330
'0:13.494',-0.330
'0:13.497',-0.340
'0:13.500',-0.360
'0:13.503',-0.360
'0:13.506',-0.360
'0:13.508',-0.345
'0:13.511',-0.350
'0:13.514',-0.355
'0:13.517',-0.365
'0:13.519',-0.385
'0:13.522',-0.375
'0:13.525',-0.340
'0:13.528',-0.350
'0:13.531',-0.355
'0:13.533',-0.355
'0:13.536',-0.375
'0:13.539',-0.350
'0:13.542',-0.350
'0:13.544',-0.340
'0:13.547',-0.350
'0:13.550',-0.350
'0:13.553',-0.370
'0:13.556',-0.340
'0:13.558',-0.335
'0:13.561',-0.335
'0:13.564',-0.330
'0:13.567',-0.350
'0:13.569',-0.340
'0:13.572',-0.340
'0:13.575',-0.330
'0:13.578',-0.325
'0:13.581',-0.340
'0:13.583',-0.360
'0:13.586',-0.355
'0:13.589',-0.355
'0:13.592',-0.330
'0:13.594',-0.330
'0:13.597',-0.340
'0:13.600',-0.350
'0:13.603',-0.355
'0:13.606',-0.335
'0:13.608',-0.325
'0:13.611',-0.320
'0:13.614',-0.340
'0:13.617',-0.360
'0:13.619',-0.350
'0:13.622',-0.335
'0:13.625',-0.325
'0:13.628',-0.325
'0:13.631',-0.335
'0:13.633',-0.345
'0:13.636',-0.350
'0:13.639',-0.340
'0:13.642',-0.340
'0:13.644',-0.330
'0:13.647',-0.350
'0:13.650',-0.365
'0:13.653',-0.365
'0:13.656',-0.360
'0:13.658',-0.355
'0:13.661',-0.350
'0:13.664',-0.360
'0:13.667',-0.360
'0:13.669',-0.370
'0:13.672',-0.365
'0:13.675',-0.365
'0:13.678',-0.365
'0:13.681',-0.360
'0:13.683',-0.360
'0:13.686',-0.370
'0:13.689',-0.370
'0:13.692',-0.355
'0:13.694',-0.375
'0:13.697',-0.375
'0:13.700',-0.380
'0:13.703',-0.390
'0:13.706',-0.375
'0:13.708',-0.360
'0:13.711',-0.350
'0:13.714',-0.365
'0:13.717',-0.370
'0:13.719',-0.385
'0:13.722',-0.380
'0:13.725',-0.355
'0:13.728',-0.365
'0:13.731',-0.365
'0:13.733',-0.375
'0:13.736',-0.395
'0:13.739',-0.385
'0:13.742',-0.380
'0:13.744',-0.360
'0:13.747',-0.365
'0:13.750',-0.375
'0:13.753',-0.385
'0:13.756',-0.395
'0:13.758',-0.385
'0:13.761',-0.360
'0:13.764',-0.380
'0:13.767',-0.390
'0:13.769',-0.385
'0:13.772',-0.375
'0:13.775',-0.370
'0:13.778',-0.375
'0:13.781',-0.390
'0:13.783',-0.385
'0:13.786',-0.390
'0:13.789',-0.380
'0:13.792',-0.365
'0:13.794',-0.355
'0:13.797',-0.380
'0:13.800',-0.380
'0:13.803',-0.390
'0:13.806',-0.375
'0:13.808',-0.370
'0:13.811',-0.360
'0:13.814',-0.375
'0:13.817',-0.370
'0:13.819',-0.380
'0:13.822',-0.375
'0:13.825',-0.365
'0:13.828',-0.360
'0:13.831',-0.375
'0:13.833',-0.385
'0:13.836',-0.390
'0:13.839',-0.375
'0:13.842',-0.360
'0:13.844',-0.360
'0:13.847',-0.360
'0:13.850',-0.370
'0:13.853',-0.380
'0:13.856',-0.375
'0:13.858',-0.365
'0:13.861',-0.360
'0:13.864',-0.365
'0:13.867',-0.370
'0:13.869',-0.380
'0:13.872',-0.370
'0:13.875',-0.360
'0:13.878',-0.340
'0:13.881',-0.360
'0:13.883',-0.390
'0:13.886',-0.390
'0:13.889',-0.370
'0:13.892',-0.370
'0:13.894',-0.360
'0:13.897',-0.365
'0:13.900',-0.380
'0:13.903',-0.370
'0:13.906',-0.360
'0:13.908',-0.355
'0:13.911',-0.350
'0:13.914',-0.370
'0:13.917',-0.390
'0:13.919',-0.385
'0:13.922',-0.375
'0:13.925',-0.350
'0:13.928',-0.345
'0:13.931',-0.350
'0:13.933',-0.360
'0:13.936',-0.365
'0:13.939',-0.350
'0:13.942',-0.340
'0:13.944',-0.335
'0:13.947',-0.335
'0:13.950',-0.355
'0:13.953',-0.365
'0:13.956',-0.335
'0:13.958',-0.325
'0:13.961',-0.310
'0:13.964',-0.315
'0:13.967',-0.325
'0:13.969',-0.310
'0:13.972',-0.290
'0:13.975',-0.260
'0:13.978',-0.270
'0:13.981',-0.285
'0:13.983',-0.290
'0:13.986',-0.280
'0:13.989',-0.255
'0:13.992',-0.240
'0:13.994',-0.250
'0:13.997',-0.275
'0:14.000',-0.285
'0:14.003',-0.290
'0:14.006',-0.285
'0:14.008',-0.255
'0:14.011',-0.270
'0:14.014',-0.275
'0:14.017',-0.315
'0:14.019',-0.320
'0:14.022',-0.325
'0:14.025',-0.305
'0:14.028',-0.320
'0:14.031',-0.330
'0:14.033',-0.340
'0:14.036',-0.340
'0:14.039',-0.340
'0:14.042',-0.325
'0:14.044',-0.315
'0:14.047',-0.325
'0:14.050',-0.330
'0:14.053',-0.340
'0:14.056',-0.325
'0:14.058',-0.320
'0:14.061',-0.310
'0:14.064',-0.310
'0:14.067',-0.330
'0:14.069',-0.330
'0:14.072',-0.320
'0:14.075',-0.295
'0:14.078',-0.295
'0:14.081',-0.295
'0:14.083',-0.300
'0:14.086',-0.295
'0:14.089',-0.290
'0:14.092',-0.300
'0:14.094',-0.345
'0:14.097',-0.375
'0:14.100',-0.410
'0:14.103',-0.410
'0:14.106',-0.355
'0:14.108',-0.190
'0:14.111',0.150
'0:14.114',0.635
'0:14.117',1.185
'0:14.119',1.665
'0:14.122',2.005
'0:14.125',2.140
'0:14.128',1.995
'0:14.131',1.535
'0:14.133',0.895
'0:14.136',0.255
'0:14.139',-0.385
'0:14.142',-0.625
'0:14.144',-0.480
'0:14.147',-0.415
'0:14.150',-0.445
'0:14.153',-0.470
'0:14.156',-0.460
'0:14.158',-0.425
'0:14.161',-0.385
'0:14.164',-0.345
'0:14.167',-0.320
'0:14.169',-0.280
'0:14.172',-0.250
'0:14.175',-0.240
'0:14.178',-0.245
'0:14.181',-0.250
'0:14.183',-0.280
'0:14.186',-0.265
'0:14.189',-0.255
'0:14.192',-0.245
'0:14.194',-0.225
'0:14.197',-0.235
'0:14.200',-0.240
'0:14.203',-0.240
'0:14.206',-0.225
'0:14.208',-0.220
'0:14.211',-0.210
'0:14.214',-0.225
'0:14.217',-0.230
'0:14.219',-0.235
'0:14.222',-0.215
'0:14.225',-0.215
'0:14.228',-0.200
'0:14.231',-0.200
'0:14.233',-0.215
'0:14.236',-0.215
'0:14.239',-0.210
'0:14.242',-0.205
'0:14.244',-0.185
'0:14.247',-0.200
'0:14.250',-0.205
'0:14.253',-0.210
'0:14.256',-0.195
'0:14.258',-0.190
'0:14.261',-0.170
'0:14.264',-0.180
'0:14.267',-0.180
'0:14.269',-0.195
'0:14.272',-0.175
'0:14.275',-0.150
'0:14.278',-0.145
'0:14.281',-0.160
'0:14.283',-0.170
'0:14.286',-0.170
'0:14.289',-0.150
'0:14.292',-0.140
'0:14.294',-0.125
'0:14.297',-0.130
'0:14.300',-0.145
'0:14.303',-0.140
'0:14.306',-0.125
'0:14.308',-0.110
'0:14.311',-0.105
'0:14.314',-0.100
'0:14.317',-0.120
'0:14.319',-0.105
'0:14.322',-0.095
'0:14.325',-0.075
'0:14.328',-0.080
'0:14.331',-0.065
'0:14.333',-0.065
'0:14.336',-0.070
'0:14.339',-0.050
'0:14.342',-0.020
'0:14.344',-0.020
'0:14.347',-0.015
'0:14.350',-0.015
'0:14.353',-0.010
'0:14.356',0.010
'0:14.358',0.025
'0:14.361',0.045
'0:14.364',0.040
'0:14.367',0.045
'0:14.369',0.055
'0:14.372',0.085
'0:14.375',0.120
'0:14.378',0.130
'0:14.381',0.135
'0:14.383',0.120
'0:14.386',0.140
'0:14.389',0.185
'0:14.392',0.220
'0:14.394',0.235
'0:14.397',0.250
'0:14.400',0.265
'0:14.403',0.300
'0:14.406',0.335
'0:14.408',0.375
'0:14.411',0.405
'0:14.414',0.425
'0:14.417',0.445
'0:14.419',0.455
'0:14.422',0.510
'0:14.425',0.545
'0:14.428',0.580
'0:14.431',0.605
'0:14.433',0.615
'0:14.436',0.650
'0:14.439',0.690
'0:14.442',0.720
'0:14.444',0.750
'0:14.447',0.755
'0:14.450',0.760
'0:14.453',0.785
'0:14.456',0.800
'0:14.458',0.835
'0:14.461',0.850
'0:14.464',0.840
'0:14.467',0.805
'0:14.469',0.795
'0:14.472',0.750
'0:14.475',0.760
'0:14.478',0.720
'0:14.481',0.665
'0:14.483',0.580
'0:14.486',0.535
'0:14.489',0.480
'0:14.492',0.420
'0:14.494',0.355
'0:14.497',0.285
'0:14.500',0.185
'0:14.503',0.125
'0:14.506',0.075
'0:14.508',0.030
'0:14.511',-0.020
'0:14.514',-0.085
'0:14.517',-0.135
'0:14.519',-0.165
'0:14.522',-0.180
'0:14.525',-0.195
'0:14.528',-0.205
'0:14.531',-0.245
'0:14.533',-0.275
'0:14.536',-0.290
'0:14.539',-0.305
'0:14.542',-0.290
'0:14.544',-0.285
'0:14.547',-0.300
'0:14.550',-0.325
'0:14.553',-0.335
'0:14.556',-0.335
'0:14.558',-0.335
'0:14.561',-0.320
'0:14.564',-0.340
'0:14.567',-0.350
'0:14.569',-0.355
'0:14.572',-0.340
'0:14.575',-0.345
'0:14.578',-0.335
'0:14.581',-0.360
'0:14.583',-0.360
'0:14.586',-0.360
'0:14.589',-0.355
'0:14.592',-0.345
'0:14.594',-0.355
'0:14.597',-0.350
'0:14.600',-0.365
'0:14.603',-0.370
'0:14.606',-0.365
'0:14.608',-0.330
'0:14.611',-0.340
'0:14.614',-0.355
'0:14.617',-0.365
'0:14.619',-0.360
'0:14.622',-0.370
'0:14.625',-0.355
'0:14.628',-0.365
'0:14.631',-0.355
'0:14.633',-0.360
'0:14.636',-0.360
'0:14.639',-0.360
'0:14.642',-0.345
'0:14.644',-0.340
'0:14.647',-0.360
'0:14.650',-0.365
'0:14.653',-0.375
'0:14.656',-0.360
'0:14.658',-0.345
'0:14.661',-0.335
'0:14.664',-0.350
'0:14.667',-0.370
'0:14.669',-0.375
'0:14.672',-0.350
'0:14.675',-0.360
'0:14.678',-0.345
'0:14.681',-0.355
'0:14.683',-0.380
'0:14.686',-0.375
'0:14.689',-0.355
'0:14.692',-0.360
'0:14.694',-0.340
'0:14.697',-0.360
'0:14.700',-0.370
'0:14.703',-0.380
'0:14.706',-0.370
'0:14.708',-0.350
'0:14.711',-0.360
'0:14.714',-0.370
'0:14.717',-0.395
'0:14.719',-0.405
'0:14.722',-0.375
'0:14.725',-0.360
'0:14.728',-0.350
'0:14.731',-0.370
'0:14.733',-0.380
'0:14.736',-0.390
'0:14.739',-0.375
'0:14.742',-0.360
'0:14.744',-0.365
'0:14.747',-0.375
'0:14.750',-0.380
'0:14.753',-0.400
'0:14.756',-0.375
'0:14.758',-0.375
'0:14.761',-0.370
'0:14.764',-0.390
'0:14.767',-0.405
'0:14.769',-0.410
'0:14.772',-0.400
'0:14.775',-0.380
'0:14.778',-0.365
'0:14.781',-0.385
'0:14.783',-0.385
'0:14.786',-0.400
'0:14.789',-0.395
'0:14.792',-0.380
'0:14.794',-0.380
'0:14.797',-0.385
'0:14.800',-0.420
'0:14.803',-0.410
'0:14.806',-0.400
'0:14.808',-0.385
'0:14.811',-0.385
'0:14.814',-0.395
'0:14.817',-0.395
'0:14.819',-0.410
'0:14.822',-0.390
'0:14.825',-0.385
'0:14.828',-0.375
'0:14.831',-0.385
'0:14.833',-0.400
'0:14.836',-0.405
'0:14.839',-0.390
'0:14.842',-0.390
'0:14.844',-0.385
'0:14.847',-0.390
'0:14.850',-0.410
'0:14.853',-0.420
'0:14.856',-0.405
'0:14.858',-0.390
'0:14.861',-0.395
'0:14.864',-0.410
'0:14.867',-0.415
'0:14.869',-0.405
'0:14.872',-0.410
'0:14.875',-0.390
'0:14.878',-0.390
'0:14.881',-0.400
'0:14.883',-0.410
'0:14.886',-0.420
'0:14.889',-0.415
'0:14.892',-0.390
'0:14.894',-0.375
'0:14.897',-0.380
'0:14.900',-0.395
'0:14.903',-0.385
'0:14.906',-0.380
'0:14.908',-0.370
'0:14.911',-0.375
'0:14.914',-0.375
'0:14.917',-0.400
'0:14.919',-0.400
'0:14.922',-0.390
'0:14.925',-0.375
'0:14.928',-0.385
'0:14.931',-0.390
'0:14.933',-0.400
'0:14.936',-0.395
'0:14.939',-0.385
'0:14.942',-0.385
'0:14.944',-0.375
'0:14.947',-0.390
'0:14.950',-0.420
'0:14.953',-0.395
'0:14.956',-0.395
'0:14.958',-0.370
'0:14.961',-0.375
'0:14.964',-0.375
'0:14.967',-0.400
'0:14.969',-0.395
'0:14.972',-0.385
'0:14.975',-0.360
'0:14.978',-0.360
'0:14.981',-0.355
'0:14.983',-0.355
'0:14.986',-0.365
'0:14.989',-0.325
'0:14.992',-0.320
'0:14.994',-0.310
'0:14.997',-0.305
'0:15.000',-0.325
'0:15.003',-0.320
'0:15.006',-0.310
'0:15.008',-0.280
'0:15.011',-0.285
'0:15.014',-0.290
'0:15.017',-0.315
'0:15.019',-0.315
'0:15.022',-0.310
'0:15.025',-0.295
'0:15.028',-0.285
'0:15.031',-0.305
'0:15.033',-0.335
'0:15.036',-0.340
'0:15.039',-0.335
'0:15.042',-0.340
'0:15.044',-0.345
'0:15.047',-0.355
'0:15.050',-0.360
'0:15.053',-0.375
'0:15.056',-0.370
'0:15.058',-0.355
'0:15.061',-0.340
'0:15.064',-0.355
'0:15.067',-0.370
'0:15.069',-0.375
'0:15.072',-0.375
'0:15.075',-0.355
'0:15.078',-0.340
'0:15.081',-0.355
'0:15.083',-0.370
'0:15.086',-0.390
'0:15.089',-0.360
'0:15.092',-0.355
'0:15.094',-0.335
'0:15.097',-0.335
'0:15.100',-0.340
'0:15.103',-0.335
'0:15.106',-0.325
'0:15.108',-0.315
'0:15.111',-0.335
'0:15.114',-0.380
'0:15.117',-0.435
'0:15.119',-0.460
'0:15.122',-0.460
'0:15.125',-0.410
'0:15.128',-0.310
'0:15.131',-0.125
'0:15.133',0.190
'0:15.136',0.655
'0:15.139',1.175
'0:15.142',1.620
'0:15.144',1.920
'0:15.147',2.025
'0:15.150',1.945
'0:15.153',1.620
'0:15.156',1.010
'0:15.158',0.370
'0:15.161',-0.270
'0:15.164',-0.660
'0:15.167',-0.635
'0:15.169',-0.535
'0:15.172',-0.495
'0:15.175',-0.495
'0:15.178',-0.505
'0:15.181',-0.525
'0:15.183',-0.510
'0:15.186',-0.495
'0:15.189',-0.450
'0:15.192',-0.390
'0:15.194',-0.325
'0:15.197',-0.300
'0:15.200',-0.300
'0:15.203',-0.305
'0:15.206',-0.305
'0:15.208',-0.290
'0:15.211',-0.285
'0:15.214',-0.285
'0:15.217',-0.290
'0:15.219',-0.300
'0:15.222',-0.290
'0:15.225',-0.265
'0:15.228',-0.260
'0:15.231',-0.270
'0:15.233',-0.260
'0:15.236',-0.270
'0:15.239',-0.260
'0:15.242',-0.250
'0:15.244',-0.230
'0:15.247',-0.230
'0:15.250',-0.240
'0:15.253',-0.250
'0:15.256',-0.240
'0:15.258',-0.210
'0:15.261',-0.210
'0:15.264',-0.215
'0:15.267',-0.225
'0:15.269',-0.230
'0:15.272',-0.215
'0:15.275',-0.210
'0:15.278',-0.215
'0:15.281',-0.225
'0:15.283',-0.210
'0:15.286',-0.210
'0:15.289',-0.190
'0:15.292',-0.185
'0:15.294',-0.190
'0:15.297',-0.190
'0:15.300',-0.185
'0:15.303',-0.195
'0:15.306',-0.175
'0:15.308',-0.160
'0:15.311',-0.165
'0:15.314',-0.165
'0:15.317',-0.160
'0:15.319',-0.155
'0:15.322',-0.145
'0:15.325',-0.135
'0:15.328',-0.135
'0:15.331',-0.125
'0:15.333',-0.120
'0:15.336',-0.130
'0:15.339',-0.105
'0:15.342',-0.095
'0:15.344',-0.085
'0:15.347',-0.075
'0:15.350',-0.080
'0:15.353',-0.080
'0:15.356',-0.060
'0:15.358',-0.035
'0:15.361',-0.015
'0:15.364',-0.020
'0:15.367',-0.015
'0:15.369',0.000
'0:15.372',0.025
'0:15.375',0.040
'0:15.378',0.070
'0:15.381',0.065
'0:15.383',0.075
'0:15.386',0.095
'0:15.389',0.130
'0:15.392',0.150
'0:15.394',0.180
'0:15.397',0.195
'0:15.400',0.195
'0:15.403',0.220
'0:15.406',0.265
'0:15.408',0.310
'0:15.411',0.330
'0:15.414',0.365
'0:15.417',0.375
'0:15.419',0.400
'0:15.422',0.430
'0:15.425',0.475
'0:15.428',0.520
'0:15.431',0.545
'0:15.433',0.555
'0:15.436',0.580
'0:15.439',0.615
'0:15.442',0.655
'0:15.444',0.685
'0:15.447',0.710
'0:15.450',0.720
'0:15.453',0.745
'0:15.456',0.765
'0:15.458',0.800
'0:15.461',0.810
'0:15.464',0.800
'0:15.467',0.790
'0:15.469',0.770
'0:15.472',0.755
'0:15.475',0.730
'0:15.478',0.690
'0:15.481',0.635
'0:15.483',0.545
'0:15.486',0.495
'0:15.489',0.430
'0:15.492',0.375
'0:15.494',0.295
'0:15.497',0.210
'0:15.500',0.145
'0:15.503',0.070
'0:15.506',0.000
'0:15.508',-0.035
'0:15.511',-0.080
'0:15.514',-0.130
'0:15.517',-0.180
'0:15.519',-0.230
'0:15.522',-0.240
'0:15.525',-0.245
'0:15.528',-0.250
'0:15.531',-0.285
'0:15.533',-0.305
'0:15.536',-0.325
'0:15.539',-0.320
'0:15.542',-0.320
'0:15.544',-0.320
'0:15.547',-0.360
'0:15.550',-0.380
'0:15.553',-0.370
'0:15.556',-0.380
'0:15.558',-0.370
'0:15.561',-0.360
'0:15.564',-0.370
'0:15.567',-0.380
'0:15.569',-0.390
'0:15.572',-0.380
'0:15.575',-0.365
'0:15.578',-0.360
'0:15.581',-0.375
'0:15.583',-0.375
'0:15.586',-0.395
'0:15.589',-0.390
'0:15.592',-0.375
'0:15.594',-0.375
'0:15.597',-0.380
'0:15.600',-0.390
'0:15.603',-0.390
'0:15.606',-0.395
'0:15.608',-0.355
'0:15.611',-0.355
'0:15.614',-0.360
'0:15.617',-0.380
'0:15.619',-0.380
'0:15.622',-0.360
'0:15.625',-0.350
'0:15.628',-0.335
'0:15.631',-0.355
'0:15.633',-0.360
'0:15.636',-0.370
'0:15.639',-0.350
'0:15.642',-0.345
'0:15.644',-0.340
'0:15.647',-0.350
'0:15.650',-0.360
'0:15.653',-0.370
'0:15.656',-0.355
'0:15.658',-0.340
'0:15.661',-0.335
'0:15.664',-0.340
'0:15.667',-0.360
'0:15.669',-0.370
'0:15.672',-0.380
'0:15.675',-0.360
'0:15.678',-0.345
'0:15.681',-0.355
'0:15.683',-0.380
'0:15.686',-0.375
'0:15.689',-0.375
'0:15.692',-0.365
'0:15.694',-0.360
'0:15.697',-0.370
'0:15.700',-0.390
'0:15.703',-0.395
'0:15.706',-0.385
'0:15.708',-0.365
'0:15.711',-0.360
'0:15.714',-0.380
'0:15.717',-0.390
'0:15.719',-0.390
'0:15.722',-0.390
'0:15.725',-0.365
'0:15.728',-0.360
'0:15.731',-0.365
'0:15.733',-0.375
'0:15.736',-0.390
'0:15.739',-0.375
'0:15.742',-0.370
'0:15.744',-0.365
'0:15.747',-0.385
'0:15.750',-0.395
'0:15.753',-0.400
'0:15.756',-0.385
'0:15.758',-0.375
'0:15.761',-0.385
'0:15.764',-0.375
'0:15.767',-0.395
'0:15.769',-0.390
'0:15.772',-0.395
'0:15.775',-0.380
'0:15.778',-0.375
'0:15.781',-0.410
'0:15.783',-0.405
'0:15.786',-0.400
'0:15.789',-0.385
'0:15.792',-0.375
'0:15.794',-0.380
'0:15.797',-0.390
'0:15.800',-0.400
'0:15.803',-0.400
'0:15.806',-0.390
'0:15.808',-0.375
'0:15.811',-0.385
'0:15.814',-0.385
'0:15.817',-0.400
'0:15.819',-0.395
'0:15.822',-0.390
'0:15.825',-0.370
'0:15.828',-0.370
'0:15.831',-0.385
'0:15.833',-0.405
'0:15.836',-0.400
'0:15.839',-0.380
'0:15.842',-0.375
'0:15.844',-0.380
'0:15.847',-0.370
'0:15.850',-0.405
'0:15.853',-0.410
'0:15.856',-0.390
'0:15.858',-0.365
'0:15.861',-0.355
'0:15.864',-0.355
'0:15.867',-0.365
'0:15.869',-0.360
'0:15.872',-0.340
'0:15.875',-0.310
'0:15.878',-0.300
'0:15.881',-0.315
'0:15.883',-0.325
'0:15.886',-0.320
'0:15.889',-0.305
'0:15.892',-0.285
'0:15.894',-0.270
'0:15.897',-0.270
'0:15.900',-0.275
'0:15.903',-0.290
'0:15.906',-0.275
'0:15.908',-0.290
'0:15.911',-0.290
'0:15.914',-0.320
'0:15.917',-0.340
'0:15.919',-0.335
'0:15.922',-0.335
'0:15.925',-0.330
'0:15.928',-0.340
'0:15.931',-0.360
'0:15.933',-0.385
'0:15.936',-0.380
'0:15.939',-0.400
'0:15.942',-0.380
'0:15.944',-0.390
'0:15.947',-0.390
'0:15.950',-0.385
'0:15.953',-0.410
'0:15.956',-0.395
'0:15.958',-0.365
'0:15.961',-0.365
'0:15.964',-0.370
'0:15.967',-0.380
'0:15.969',-0.385
'0:15.972',-0.375
'0:15.975',-0.365
'0:15.978',-0.355
'0:15.981',-0.365
'0:15.983',-0.380
'0:15.986',-0.360
'0:15.989',-0.355
'0:15.992',-0.335
'0:15.994',-0.340
'0:15.997',-0.325
'0:16.000',-0.360
'0:16.003',-0.395
'0:16.006',-0.415
'0:16.008',-0.435
'0:16.011',-0.460
'0:16.014',-0.460
'0:16.017',-0.450
'0:16.019',-0.355
'0:16.022',-0.140
'0:16.025',0.215
'0:16.028',0.715
'0:16.031',1.215
'0:16.033',1.640
'0:16.036',1.910
'0:16.039',2.035
'0:16.042',1.920
'0:16.044',1.460
'0:16.047',0.820
'0:16.050',0.180
'0:16.053',-0.460
'0:16.056',-0.700
'0:16.058',-0.555
'0:16.061',-0.470
'0:16.064',-0.485
'0:16.067',-0.530
'0:16.069',-0.535
'0:16.072',-0.510
'0:16.075',-0.465
'0:16.078',-0.415
'0:16.081',-0.375
'0:16.083',-0.345
'0:16.086',-0.320
'0:16.089',-0.305
'0:16.092',-0.300
'0:16.094',-0.295
'0:16.097',-0.295
'0:16.100',-0.310
'0:16.103',-0.315
'0:16.106',-0.315
'0:16.108',-0.280
'0:16.111',-0.270
'0:16.114',-0.280
'0:16.117',-0.300
'0:16.119',-0.295
'0:16.122',-0.290
'0:16.125',-0.265
'0:16.128',-0.260
'0:16.131',-0.270
'0:16.133',-0.285
'0:16.136',-0.285
'0:16.139',-0.275
'0:16.142',-0.250
'0:16.144',-0.245
'0:16.147',-0.245
'0:16.150',-0.255
'0:16.153',-0.255
'0:16.156',-0.265
'0:16.158',-0.235
'0:16.161',-0.225
'0:16.164',-0.245
'0:16.167',-0.235
'0:16.169',-0.235
'0:16.172',-0.230
'0:16.175',-0.220
'0:16.178',-0.195
'0:16.181',-0.200
'0:16.183',-0.205
'0:16.186',-0.220
'0:16.189',-0.210
'0:16.192',-0.200
'0:16.194',-0.190
'0:16.197',-0.190
'0:16.200',-0.205
'0:16.203',-0.190
'0:16.206',-0.190
'0:16.208',-0.170
'0:16.211',-0.155
'0:16.214',-0.155
'0:16.217',-0.170
'0:16.219',-0.165
'0:16.222',-0.155
'0:16.225',-0.130
'0:16.228',-0.120
'0:16.231',-0.110
'0:16.233',-0.145
'0:16.236',-0.125
'0:16.239',-0.095
'0:16.242',-0.080
'0:16.244',-0.070
'0:16.247',-0.070
'0:16.250',-0.075
'0:16.253',-0.060
'0:16.256',-0.035
'0:16.258',0.000
'0:16.261',0.005
'0:16.264',0.015
'0:16.267',0.020
'0:16.269',0.040
'0:16.272',0.060
'0:16.275',0.095
'0:16.278',0.100
'0:16.281',0.135
'0:16.283',0.135
'0:16.286',0.145
'0:16.289',0.195
'0:16.292',0.225
'0:16.294',0.260
'0:16.297',0.295
'0:16.300',0.290
'0:16.303',0.325
'0:16.306',0.385
'0:16.308',0.420
'0:16.311',0.445
'0:16.314',0.460
'0:16.317',0.475
'0:16.319',0.515
'0:16.322',0.555
'0:16.325',0.605
'0:16.328',0.620
'0:16.331',0.650
'0:16.333',0.665
'0:16.336',0.685
'0:16.339',0.720
'0:16.342',0.765
'0:16.344',0.775
'0:16.347',0.780
'0:16.350',0.785
'0:16.353',0.780
'0:16.356',0.790
'0:16.358',0.775
'0:16.361',0.750
'0:16.364',0.705
'0:16.367',0.650
'0:16.369',0.595
'0:16.372',0.550
'0:16.375',0.490
'0:16.378',0.435
'0:16.381',0.360
'0:16.383',0.275
'0:16.386',0.210
'0:16.389',0.145
'0:16.392',0.105
'0:16.394',0.055
'0:16.397',-0.020
'0:16.400',-0.065
'0:16.403',-0.120
'0:16.406',-0.155
'0:16.408',-0.175
'0:16.411',-0.200
'0:16.414',-0.230
'0:16.417',-0.270
'0:16.419',-0.300
'0:16.422',-0.305
'0:16.425',-0.305
'0:16.428',-0.325
'0:16.431',-0.340
'0:16.433',-0.370
'0:16.436',-0.375
'0:16.439',-0.375
'0:16.442',-0.360
'0:16.444',-0.365
'0:16.447',-0.375
'0:16.450',-0.385
'0:16.453',-0.405
'0:16.456',-0.390
'0:16.458',-0.385
'0:16.461',-0.385
'0:16.464',-0.405
'0:16.467',-0.410
'0:16.469',-0.415
'0:16.472',-0.410
'0:16.475',-0.395
'0:16.478',-0.395
'0:16.481',-0.405
'0:16.483',-0.410
'0:16.486',-0.410
'0:16.489',-0.395
'0:16.492',-0.400
'0:16.494',-0.385
'0:16.497',-0.385
'0:16.500',-0.395
'0:16.503',-0.410
'0:16.506',-0.395
'0:16.508',-0.375
'0:16.511',-0.385
'0:16.514',-0.375
'0:16.517',-0.395
'0:16.519',-0.405
'0:16.522',-0.385
'0:16.525',-0.375
'0:16.528',-0.360
'0:16.531',-0.375
'0:16.533',-0.380
'0:16.536',-0.385
'0:16.539',-0.380
'0:16.542',-0.380
'0:16.544',-0.375
'0:16.547',-0.385
'0:16.550',-0.395
'0:16.553',-0.395
'0:16.556',-0.400
'0:16.558',-0.375
'0:16.561',-0.365
'0:16.564',-0.370
'0:16.567',-0.390
'0:16.569',-0.390
'0:16.572',-0.395
'0:16.575',-0.390
'0:16.578',-0.375
'0:16.581',-0.385
'0:16.583',-0.410
'0:16.586',-0.405
'0:16.589',-0.405
'0:16.592',-0.400
'0:16.594',-0.395
'0:16.597',-0.385
'0:16.600',-0.410
'0:16.603',-0.400
'0:16.606',-0.405
'0:16.608',-0.390
'0:16.611',-0.390
'0:16.614',-0.380
'0:16.617',-0.405
'0:16.619',-0.400
'0:16.622',-0.405
'0:16.625',-0.385
'0:16.628',-0.390
'0:16.631',-0.395
'0:16.633',-0.405
'0:16.636',-0.415
'0:16.639',-0.410
'0:16.642',-0.400
'0:16.644',-0.390
'0:16.647',-0.405
'0:16.650',-0.425
'0:16.653',-0.415
'0:16.656',-0.420
'0:16.658',-0.400
'0:16.661',-0.400
'0:16.664',-0.415
'0:16.667',-0.420
'0:16.669',-0.420
'0:16.672',-0.415
'0:16.675',-0.395
'0:16.678',-0.395
'0:16.681',-0.410
'0:16.683',-0.415
'0:16.686',-0.415
'0:16.689',-0.400
'0:16.692',-0.385
'0:16.694',-0.395
'0:16.697',-0.400
'0:16.700',-0.410
'0:16.703',-0.425
'0:16.706',-0.410
'0:16.708',-0.400
'0:16.711',-0.415
'0:16.714',-0.415
'0:16.717',-0.430
'0:16.719',-0.435
'0:16.722',-0.420
'0:16.725',-0.415
'0:16.728',-0.410
'0:16.731',-0.410
'0:16.733',-0.435
'0:16.736',-0.430
'0:16.739',-0.415
'0:16.742',-0.410
'0:16.744',-0.400
'0:16.747',-0.410
'0:16.750',-0.415
'0:16.753',-0.415
'0:16.756',-0.405
'0:16.758',-0.390
'0:16.761',-0.390
'0:16.764',-0.420
'0:16.767',-0.415
'0:16.769',-0.415
'0:16.772',-0.410
'0:16.775',-0.415
'0:16.778',-0.415
'0:16.781',-0.395
'0:16.783',-0.405
'0:16.786',-0.405
'0:16.789',-0.405
'0:16.792',-0.410
'0:16.794',-0.385
'0:16.797',-0.395
'0:16.800',-0.400
'0:16.803',-0.415
'0:16.806',-0.415
'0:16.808',-0.390
'0:16.811',-0.385
'0:16.814',-0.400
'0:16.817',-0.405
'0:16.819',-0.415
'0:16.822',-0.405
'0:16.825',-0.405
'0:16.828',-0.400
'0:16.831',-0.400
'0:16.833',-0.415
'0:16.836',-0.440
'0:16.839',-0.415
'0:16.842',-0.400
'0:16.844',-0.390
'0:16.847',-0.420
'0:16.850',-0.415
'0:16.853',-0.410
'0:16.856',-0.400
'0:16.858',-0.405
'0:16.861',-0.395
'0:16.864',-0.405
'0:16.867',-0.410
'0:16.869',-0.425
'0:16.872',-0.410
'0:16.875',-0.395
'0:16.878',-0.390
'0:16.881',-0.395
'0:16.883',-0.400
'0:16.886',-0.400
'0:16.889',-0.405
'0:16.892',-0.405
'0:16.894',-0.385
'0:16.897',-0.410
'0:16.900',-0.400
'0:16.903',-0.415
'0:16.906',-0.405
'0:16.908',-0.390
'0:16.911',-0.385
'0:16.914',-0.400
'0:16.917',-0.405
'0:16.919',-0.400
'0:16.922',-0.395
'0:16.925',-0.380
'0:16.928',-0.370
'0:16.931',-0.375
'0:16.933',-0.385
'0:16.936',-0.385
'0:16.939',-0.370
'0:16.942',-0.335
'0:16.944',-0.330
'0:16.947',-0.330
'0:16.950',-0.325
'0:16.953',-0.335
'0:16.956',-0.340
'0:16.958',-0.320
'0:16.961',-0.305
'0:16.964',-0.315
'0:16.967',-0.335
'0:16.969',-0.345
'0:16.972',-0.340
'0:16.975',-0.315
'0:16.978',-0.295
'0:16.981',-0.325
'0:16.983',-0.345
'0:16.986',-0.355
'0:16.989',-0.365
'0:16.992',-0.360
'0:16.994',-0.370
'0:16.997',-0.380
'0:17.000',-0.385
'0:17.003',-0.395
'0:17.006',-0.385
'0:17.008',-0.380
'0:17.011',-0.375
'0:17.014',-0.375
'0:17.017',-0.390
'0:17.019',-0.380
'0:17.022',-0.375
'0:17.025',-0.365
'0:17.028',-0.350
'0:17.031',-0.350
'0:17.033',-0.370
'0:17.036',-0.370
'0:17.039',-0.365
'0:17.042',-0.340
'0:17.044',-0.335
'0:17.047',-0.340
'0:17.050',-0.365
'0:17.053',-0.355
'0:17.056',-0.365
'0:17.058',-0.360
'0:17.061',-0.405
'0:17.064',-0.450
'0:17.067',-0.475
'0:17.069',-0.470
'0:17.072',-0.370
'0:17.075',-0.185
'0:17.078',0.135
'0:17.081',0.550
'0:17.083',1.040
'0:17.086',1.500
'0:17.089',1.850
'0:17.092',2.010
'0:17.094',1.965
'0:17.097',1.615
'0:17.100',0.975
'0:17.103',0.335
'0:17.106',-0.305
'0:17.108',-0.720
'0:17.111',-0.605
'0:17.114',-0.500
'0:17.117',-0.510
'0:17.119',-0.525
'0:17.122',-0.535
'0:17.125',-0.505
'0:17.128',-0.455
'0:17.131',-0.430
'0:17.133',-0.380
'0:17.136',-0.345
'0:17.139',-0.320
'0:17.142',-0.315
'0:17.144',-0.310
'0:17.147',-0.325
'0:17.150',-0.335
'0:17.153',-0.335
'0:17.156',-0.325
'0:17.158',-0.305
'0:17.161',-0.295
'0:17.164',-0.305
'0:17.167',-0.330
'0:17.169',-0.335
'0:17.172',-0.315
'0:17.175',-0.305
'0:17.178',-0.300
'0:17.181',-0.315
'0:17.183',-0.315
'0:17.186',-0.305
'0:17.189',-0.295
'0:17.192',-0.280
'0:17.194',-0.275
'0:17.197',-0.305
'0:17.200',-0.295
'0:17.203',-0.295
'0:17.206',-0.295
'0:17.208',-0.275
'0:17.211',-0.270
'0:17.214',-0.285
'0:17.217',-0.290
'0:17.219',-0.290
'0:17.222',-0.280
'0:17.225',-0.250
'0:17.228',-0.245
'0:17.231',-0.250
'0:17.233',-0.265
'0:17.236',-0.255
'0:17.239',-0.245
'0:17.242',-0.220
'0:17.244',-0.225
'0:17.247',-0.230
'0:17.250',-0.250
'0:17.253',-0.245
'0:17.256',-0.220
'0:17.258',-0.200
'0:17.261',-0.190
'0:17.264',-0.215
'0:17.267',-0.215
'0:17.269',-0.210
'0:17.272',-0.190
'0:17.275',-0.165
'0:17.278',-0.165
'0:17.281',-0.170
'0:17.283',-0.190
'0:17.286',-0.180
'0:17.289',-0.175
'0:17.292',-0.135
'0:17.294',-0.140
'0:17.297',-0.125
'0:17.300',-0.140
'0:17.303',-0.140
'0:17.306',-0.105
'0:17.308',-0.100
'0:17.311',-0.080
'0:17.314',-0.080
'0:17.317',-0.070
'0:17.319',-0.080
'0:17.322',-0.040
'0:17.325',-0.020
'0:17.328',0.000
'0:17.331',0.005
'0:17.333',0.000
'0:17.336',0.020
'0:17.339',0.040
'0:17.342',0.080
'0:17.344',0.100
'0:17.347',0.110
'0:17.350',0.110
'0:17.353',0.125
'0:17.356',0.170
'0:17.358',0.195
'0:17.361',0.225
'0:17.364',0.240
'0:17.367',0.260
'0:17.369',0.270
'0:17.372',0.305
'0:17.375',0.345
'0:17.378',0.375
'0:17.381',0.395
'0:17.383',0.410
'0:17.386',0.430
'0:17.389',0.465
'0:17.392',0.515
'0:17.394',0.540
'0:17.397',0.545
'0:17.400',0.565
'0:17.403',0.570
'0:17.406',0.605
'0:17.408',0.655
'0:17.411',0.680
'0:17.414',0.690
'0:17.417',0.700
'0:17.419',0.700
'0:17.422',0.720
'0:17.425',0.735
'0:17.428',0.765
'0:17.431',0.745
'0:17.433',0.715
'0:17.436',0.685
'0:17.439',0.650
'0:17.442',0.635
'0:17.444',0.605
'0:17.447',0.550
'0:17.450',0.480
'0:17.453',0.430
'0:17.456',0.370
'0:17.458',0.330
'0:17.461',0.265
'0:17.464',0.200
'0:17.467',0.115
'0:17.469',0.060
'0:17.472',0.025
'0:17.475',-0.020
'0:17.478',-0.060
'0:17.481',-0.105
'0:17.483',-0.155
'0:17.486',-0.215
'0:17.489',-0.230
'0:17.492',-0.240
'0:17.494',-0.265
'0:17.497',-0.285
'0:17.500',-0.315
'0:17.503',-0.335
'0:17.506',-0.350
'0:17.508',-0.350
'0:17.511',-0.370
'0:17.514',-0.380
'0:17.517',-0.400
'0:17.519',-0.410
'0:17.522',-0.405
'0:17.525',-0.395
'0:17.528',-0.410
'0:17.531',-0.420
'0:17.533',-0.430
'0:17.536',-0.440
'0:17.539',-0.430
'0:17.542',-0.420
'0:17.544',-0.425
'0:17.547',-0.445
'0:17.550',-0.455
'0:17.553',-0.440
'0:17.556',-0.430
'0:17.558',-0.420
'0:17.561',-0.420
'0:17.564',-0.425
'0:17.567',-0.450
'0:17.569',-0.450
'0:17.572',-0.430
'0:17.575',-0.430
'0:17.578',-0.425
'0:17.581',-0.435
'0:17.583',-0.450
'0:17.586',-0.445
'0:17.589',-0.445
'0:17.592',-0.435
'0:17.594',-0.430
'0:17.597',-0.445
'0:17.600',-0.450
'0:17.603',-0.445
'0:17.606',-0.430
'0:17.608',-0.430
'0:17.611',-0.430
'0:17.614',-0.440
'0:17.617',-0.445
'0:17.619',-0.445
'0:17.622',-0.440
'0:17.625',-0.430
'0:17.628',-0.430
'0:17.631',-0.435
'0:17.633',-0.455
'0:17.636',-0.445
'0:17.639',-0.435
'0:17.642',-0.425
'0:17.644',-0.415
'0:17.647',-0.435
'0:17.650',-0.455
'0:17.653',-0.465
'0:17.656',-0.445
'0:17.658',-0.435
'0:17.661',-0.435
'0:17.664',-0.440
'0:17.667',-0.450
'0:17.669',-0.450
'0:17.672',-0.445
'0:17.675',-0.440
'0:17.678',-0.440
'0:17.681',-0.445
'0:17.683',-0.475
'0:17.686',-0.470
'0:17.689',-0.455
'0:17.692',-0.450
'0:17.694',-0.450
'0:17.697',-0.445
'0:17.700',-0.480
'0:17.703',-0.480
'0:17.706',-0.465
'0:17.708',-0.465
'0:17.711',-0.455
'0:17.714',-0.475
'0:17.717',-0.485
'0:17.719',-0.485
'0:17.722',-0.470
'0:17.725',-0.460
'0:17.728',-0.460
'0:17.731',-0.460
'0:17.733',-0.465
'0:17.736',-0.460
'0:17.739',-0.465
'0:17.742',-0.455
'0:17.744',-0.450
'0:17.747',-0.450
'0:17.750',-0.475
'0:17.753',-0.485
'0:17.756',-0.465
'0:17.758',-0.455
'0:17.761',-0.455
'0:17.764',-0.470
'0:17.767',-0.485
'0:17.769',-0.475
'0:17.772',-0.475
'0:17.775',-0.460
'0:17.778',-0.455
'0:17.781',-0.480
'0:17.783',-0.490
'0:17.786',-0.480
'0:17.789',-0.470
'0:17.792',-0.465
'0:17.794',-0.465
'0:17.797',-0.460
'0:17.800',-0.470
'0:17.803',-0.475
'0:17.806',-0.475
'0:17.808',-0.455
'0:17.811',-0.455
'0:17.814',-0.470
'0:17.817',-0.485
'0:17.819',-0.470
'0:17.822',-0.480
'0:17.825',-0.455
'0:17.828',-0.455
'0:17.831',-0.465
'0:17.833',-0.480
'0:17.836',-0.480
'0:17.839',-0.470
'0:17.842',-0.470
'0:17.844',-0.460
'0:17.847',-0.470
'0:17.850',-0.485
'0:17.853',-0.485
'0:17.856',-0.475
'0:17.858',-0.460
'0:17.861',-0.460
'0:17.864',-0.465
'0:17.867',-0.480
'0:17.869',-0.500
'0:17.872',-0.475
'0:17.875',-0.475
'0:17.878',-0.475
'0:17.881',-0.475
'0:17.883',-0.475
'0:17.886',-0.465
'0:17.889',-0.465
'0:17.892',-0.455
'0:17.894',-0.455
'0:17.897',-0.465
'0:17.900',-0.480
'0:17.903',-0.480
'0:17.906',-0.475
'0:17.908',-0.475
'0:17.911',-0.470
'0:17.914',-0.465
'0:17.917',-0.470
'0:17.919',-0.480
'0:17.922',-0.465
'0:17.925',-0.450
'0:17.928',-0.455
'0:17.931',-0.455
'0:17.933',-0.465
'0:17.936',-0.460
'0:17.939',-0.455
'0:17.942',-0.440
'0:17.944',-0.445
'0:17.947',-0.445
'0:17.950',-0.465
'0:17.953',-0.455
'0:17.956',-0.465
'0:17.958',-0.445
'0:17.961',-0.445
'0:17.964',-0.450
'0:17.967',-0.460
'0:17.969',-0.475
'0:17.972',-0.455
'0:17.975',-0.440
'0:17.978',-0.440
'0:17.981',-0.455
'0:17.983',-0.475
'0:17.986',-0.475
'0:17.989',-0.470
'0:17.992',-0.445
'0:17.994',-0.450
'0:17.997',-0.445
'0:18.000',-0.465
'0:18.003',-0.475
'0:18.006',-0.455
'0:18.008',-0.440
'0:18.011',-0.440
'0:18.014',-0.450
'0:18.017',-0.450
'0:18.019',-0.470
'0:18.022',-0.445
'0:18.025',-0.430
'0:18.028',-0.435
'0:18.031',-0.455
'0:18.033',-0.455
'0:18.036',-0.465
'0:18.039',-0.440
'0:18.042',-0.435
'0:18.044',-0.430
'0:18.047',-0.440
'0:18.050',-0.460
'0:18.053',-0.455
'0:18.056',-0.435
'0:18.058',-0.425
'0:18.061',-0.435
'0:18.064',-0.440
'0:18.067',-0.470
'0:18.069',-0.460
'0:18.072',-0.445
'0:18.075',-0.425
'0:18.078',-0.425
'0:18.081',-0.440
'0:18.083',-0.455
'0:18.086',-0.465
'0:18.089',-0.440
'0:18.092',-0.435
'0:18.094',-0.430
'0:18.097',-0.420
'0:18.100',-0.440
'0:18.103',-0.445
'0:18.106',-0.420
'0:18.108',-0.410
'0:18.111',-0.405
'0:18.114',-0.395
'0:18.117',-0.400
'0:18.119',-0.390
'0:18.122',-0.375
'0:18.125',-0.365
'0:18.128',-0.355
'0:18.131',-0.360
'0:18.133',-0.375
'0:18.136',-0.375
'0:18.139',-0.360
'0:18.142',-0.360
'0:18.144',-0.350
'0:18.147',-0.345
'0:18.150',-0.365
'0:18.153',-0.390
'0:18.156',-0.370
'0:18.158',-0.340
'0:18.161',-0.335
'0:18.164',-0.360
'0:18.167',-0.370
'0:18.169',-0.390
'0:18.172',-0.375
'0:18.175',-0.365
'0:18.178',-0.380
'0:18.181',-0.400
'0:18.183',-0.425
'0:18.186',-0.425
'0:18.189',-0.410
'0:18.192',-0.400
'0:18.194',-0.405
'0:18.197',-0.415
'0:18.200',-0.415
'0:18.203',-0.420
'0:18.206',-0.410
'0:18.208',-0.390
'0:18.211',-0.385
'0:18.214',-0.395
'0:18.217',-0.400
'0:18.219',-0.420
'0:18.222',-0.380
'0:18.225',-0.380
'0:18.228',-0.375
'0:18.231',-0.380
'0:18.233',-0.395
'0:18.236',-0.395
'0:18.239',-0.380
'0:18.242',-0.355
'0:18.244',-0.350
'0:18.247',-0.360
'0:18.250',-0.395
'0:18.253',-0.415
'0:18.256',-0.445
'0:18.258',-0.460
'0:18.261',-0.485
'0:18.264',-0.485
'0:18.267',-0.480
'0:18.269',-0.400
'0:18.272',-0.240
'0:18.275',0.035
'0:18.278',0.445
'0:18.281',0.895
'0:18.283',1.330
'0:18.286',1.720
'0:18.289',1.975
'0:18.292',2.100
'0:18.294',2.035
'0:18.297',1.720
'0:18.300',1.160
'0:18.303',0.520
'0:18.306',-0.120
'0:18.308',-0.605
'0:18.311',-0.640
'0:18.314',-0.575
'0:18.317',-0.545
'0:18.319',-0.570
'0:18.322',-0.565
'0:18.325',-0.550
'0:18.328',-0.515
'0:18.331',-0.520
'0:18.333',-0.490
'0:18.336',-0.450
'0:18.339',-0.395
'0:18.342',-0.345
'0:18.344',-0.325
'0:18.347',-0.310
'0:18.350',-0.330
'0:18.353',-0.325
'0:18.356',-0.320
'0:18.358',-0.305
'0:18.361',-0.295
'0:18.364',-0.310
'0:18.367',-0.300
'0:18.369',-0.320
'0:18.372',-0.290
'0:18.375',-0.275
'0:18.378',-0.285
'0:18.381',-0.300
'0:18.383',-0.290
'0:18.386',-0.300
'0:18.389',-0.300
'0:18.392',-0.270
'0:18.394',-0.265
'0:18.397',-0.265
'0:18.400',-0.290
'0:18.403',-0.290
'0:18.406',-0.270
'0:18.408',-0.260
'0:18.411',-0.255
'0:18.414',-0.270
'0:18.417',-0.270
'0:18.419',-0.260
'0:18.422',-0.260
'0:18.425',-0.235
'0:18.428',-0.235
'0:18.431',-0.240
'0:18.433',-0.255
'0:18.436',-0.255
'0:18.439',-0.230
'0:18.442',-0.220
'0:18.444',-0.230
'0:18.447',-0.230
'0:18.450',-0.230
'0:18.453',-0.230
'0:18.456',-0.220
'0:18.458',-0.210
'0:18.461',-0.200
'0:18.464',-0.205
'0:18.467',-0.215
'0:18.469',-0.215
'0:18.472',-0.185
'0:18.475',-0.185
'0:18.478',-0.175
'0:18.481',-0.185
'0:18.483',-0.190
'0:18.486',-0.175
'0:18.489',-0.160
'0:18.492',-0.145
'0:18.494',-0.135
'0:18.497',-0.150
'0:18.500',-0.155
'0:18.503',-0.155
'0:18.506',-0.145
'0:18.508',-0.120
'0:18.511',-0.105
'0:18.514',-0.115
'0:18.517',-0.110
'0:18.519',-0.095
'0:18.522',-0.075
'0:18.525',-0.055
'0:18.528',-0.050
'0:18.531',-0.050
'0:18.533',-0.055
'0:18.536',-0.045
'0:18.539',-0.030
'0:18.542',-0.015
'0:18.544',0.010
'0:18.547',0.025
'0:18.550',0.030
'0:18.553',0.030
'0:18.556',0.050
'0:18.558',0.070
'0:18.561',0.095
'0:18.564',0.105
'0:18.567',0.130
'0:18.569',0.155
'0:18.572',0.185
'0:18.575',0.225
'0:18.578',0.240
'0:18.581',0.260
'0:18.583',0.275
'0:18.586',0.295
'0:18.589',0.330
'0:18.592',0.370
'0:18.594',0.395
'0:18.597',0.410
'0:18.600',0.425
'0:18.603',0.455
'0:18.606',0.485
'0:18.608',0.515
'0:18.611',0.555
'0:18.614',0.580
'0:18.617',0.595
'0:18.619',0.620
'0:18.622',0.630
'0:18.625',0.670
'0:18.628',0.700
'0:18.631',0.730
'0:18.633',0.740
'0:18.636',0.760
'0:18.639',0.770
'0:18.642',0.795
'0:18.644',0.815
'0:18.647',0.810
'0:18.650',0.785
'0:18.653',0.775
'0:18.656',0.770
'0:18.658',0.755
'0:18.661',0.725
'0:18.664',0.670
'0:18.667',0.610
'0:18.669',0.560
'0:18.672',0.515
'0:18.675',0.460
'0:18.678',0.410
'0:18.681',0.335
'0:18.683',0.255
'0:18.686',0.180
'0:18.689',0.145
'0:18.692',0.105
'0:18.694',0.040
'0:18.697',-0.025
'0:18.700',-0.080
'0:18.703',-0.125
'0:18.706',-0.140
'0:18.708',-0.155
'0:18.711',-0.200
'0:18.714',-0.245
'0:18.717',-0.275
'0:18.719',-0.295
'0:18.722',-0.295
'0:18.725',-0.290
'0:18.728',-0.325
'0:18.731',-0.335
'0:18.733',-0.355
'0:18.736',-0.370
'0:18.739',-0.375
'0:18.742',-0.370
'0:18.744',-0.360
'0:18.747',-0.385
'0:18.750',-0.400
'0:18.753',-0.425
'0:18.756',-0.400
'0:18.758',-0.395
'0:18.761',-0.385
'0:18.764',-0.415
'0:18.767',-0.415
'0:18.769',-0.425
'0:18.772',-0.410
'0:18.775',-0.400
'0:18.778',-0.395
'0:18.781',-0.405
'0:18.783',-0.425
'0:18.786',-0.435
'0:18.789',-0.425
'0:18.792',-0.405
'0:18.794',-0.405
'0:18.797',-0.405
'0:18.800',-0.430
'0:18.803',-0.425
'0:18.806',-0.415
'0:18.808',-0.400
'0:18.811',-0.400
'0:18.814',-0.410
'0:18.817',-0.420
'0:18.819',-0.435
'0:18.822',-0.430
'0:18.825',-0.390
'0:18.828',-0.400
'0:18.831',-0.395
'0:18.833',-0.405
'0:18.836',-0.410
'0:18.839',-0.410
'0:18.842',-0.410
'0:18.844',-0.400
'0:18.847',-0.400
'0:18.850',-0.415
'0:18.853',-0.425
'0:18.856',-0.410
'0:18.858',-0.395
'0:18.861',-0.400
'0:18.864',-0.405
'0:18.867',-0.415
'0:18.869',-0.425
'0:18.872',-0.405
'0:18.875',-0.400
'0:18.878',-0.390
'0:18.881',-0.400
'0:18.883',-0.420
'0:18.886',-0.415
'0:18.889',-0.420
'0:18.892',-0.405
'0:18.894',-0.395
'0:18.897',-0.410
'0:18.900',-0.440
'0:18.903',-0.445
'0:18.906',-0.415
'0:18.908',-0.400
'0:18.911',-0.405
'0:18.914',-0.415
'0:18.917',-0.420
'0:18.919',-0.440
'0:18.922',-0.420
'0:18.925',-0.420
'0:18.928',-0.410
'0:18.931',-0.430
'0:18.933',-0.445
'0:18.936',-0.445
'0:18.939',-0.430
'0:18.942',-0.415
'0:18.944',-0.415
'0:18.947',-0.430
'0:18.950',-0.435
'0:18.953',-0.435
'0:18.956',-0.440
'0:18.958',-0.425
'0:18.961',-0.435
'0:18.964',-0.425
'0:18.967',-0.440
'0:18.969',-0.440
'0:18.972',-0.440
'0:18.975',-0.425
'0:18.978',-0.435
'0:18.981',-0.445
'0:18.983',-0.470
'0:18.986',-0.455
'0:18.989',-0.450
'0:18.992',-0.455
'0:18.994',-0.430
'0:18.997',-0.445
'0:19.000',-0.455
'0:19.003',-0.450
'0:19.006',-0.430
'0:19.008',-0.420
'0:19.011',-0.435
'0:19.014',-0.430
'0:19.017',-0.450
'0:19.019',-0.455
'0:19.022',-0.435
'0:19.025',-0.425
'0:19.028',-0.425
'0:19.031',-0.440
'0:19.033',-0.455
'0:19.036',-0.455
'0:19.039',-0.435
'0:19.042',-0.430
'0:19.044',-0.435
'0:19.047',-0.445
'0:19.050',-0.445
'0:19.053',-0.455
'0:19.056',-0.440
'0:19.058',-0.435
'0:19.061',-0.430
'0:19.064',-0.445
'0:19.067',-0.455
'0:19.069',-0.465
'0:19.072',-0.450
'0:19.075',-0.430
'0:19.078',-0.430
'0:19.081',-0.430
'0:19.083',-0.455
'0:19.086',-0.455
'0:19.089',-0.435
'0:19.092',-0.425
'0:19.094',-0.430
'0:19.097',-0.440
'0:19.100',-0.445
'0:19.103',-0.445
'0:19.106',-0.440
'0:19.108',-0.420
'0:19.111',-0.430
'0:19.114',-0.435
'0:19.117',-0.445
'0:19.119',-0.445
'0:19.122',-0.430
'0:19.125',-0.415
'0:19.128',-0.425
'0:19.131',-0.435
'0:19.133',-0.445
'0:19.136',-0.435
'0:19.139',-0.435
'0:19.142',-0.410
'0:19.144',-0.415
'0:19.147',-0.430
'0:19.150',-0.440
'0:19.153',-0.430
'0:19.156',-0.420
'0:19.158',-0.415
'0:19.161',-0.420
'0:19.164',-0.410
'0:19.167',-0.425
'0:19.169',-0.425
'0:19.172',-0.425
'0:19.175',-0.410
'0:19.178',-0.400
'0:19.181',-0.405
'0:19.183',-0.430
'0:19.186',-0.430
'0:19.189',-0.425
'0:19.192',-0.405
'0:19.194',-0.395
'0:19.197',-0.415
'0:19.200',-0.430
'0:19.203',-0.415
'0:19.206',-0.410
'0:19.208',-0.380
'0:19.211',-0.375
'0:19.214',-0.395
'0:19.217',-0.400
'0:19.219',-0.385
'0:19.222',-0.365
'0:19.225',-0.345
'0:19.228',-0.335
'0:19.231',-0.340
'0:19.233',-0.355
'0:19.236',-0.335
'0:19.239',-0.320
'0:19.242',-0.300
'0:19.244',-0.320
'0:19.247',-0.340
'0:19.250',-0.335
'0:19.253',-0.325
'0:19.256',-0.315
'0:19.258',-0.300
'0:19.261',-0.300
'0:19.264',-0.325
'0:19.267',-0.350
'0:19.269',-0.365
'0:19.272',-0.360
'0:19.275',-0.360
'0:19.278',-0.365
'0:19.281',-0.385
'0:19.283',-0.400
'0:19.286',-0.390
'0:19.289',-0.385
'0:19.292',-0.375
'0:19.294',-0.385
'0:19.297',-0.380
'0:19.300',-0.385
'0:19.303',-0.385
'0:19.306',-0.370
'0:19.308',-0.360
'0:19.311',-0.365
'0:19.314',-0.360
'0:19.317',-0.375
'0:19.319',-0.385
'0:19.322',-0.365
'0:19.325',-0.350
'0:19.328',-0.345
'0:19.331',-0.355
'0:19.333',-0.360
'0:19.336',-0.370
'0:19.339',-0.345
'0:19.342',-0.335
'0:19.344',-0.340
'0:19.347',-0.370
'0:19.350',-0.430
'0:19.353',-0.455
'0:19.356',-0.465
'0:19.358',-0.455
'0:19.361',-0.425
'0:19.364',-0.345
'0:19.367',-0.155
'0:19.369',0.185
'0:19.372',0.665
'0:19.375',1.175
'0:19.378',1.585
'0:19.381',1.845
'0:19.383',1.945
'0:19.386',1.860
'0:19.389',1.540
'0:19.392',0.990
'0:19.394',0.350
'0:19.397',-0.290
'0:19.400',-0.650
'0:19.403',-0.635
'0:19.406',-0.535
'0:19.408',-0.480
'0:19.411',-0.495
'0:19.414',-0.515
'0:19.417',-0.530
'0:19.419',-0.505
'0:19.422',-0.500
'0:19.425',-0.440
'0:19.428',-0.400
'0:19.431',-0.350
'0:19.433',-0.325
'0:19.436',-0.300
'0:19.439',-0.290
'0:19.442',-0.270
'0:19.444',-0.280
'0:19.447',-0.270
'0:19.450',-0.275
'0:19.453',-0.285
'0:19.456',-0.280
'0:19.458',-0.260
'0:19.461',-0.255
'0:19.464',-0.255
'0:19.467',-0.265
'0:19.469',-0.265
'0:19.472',-0.245
'0:19.475',-0.240
'0:19.478',-0.235
'0:19.481',-0.245
'0:19.483',-0.255
'0:19.486',-0.250
'0:19.489',-0.245
'0:19.492',-0.230
'0:19.494',-0.225
'0:19.497',-0.225
'0:19.500',-0.230
'0:19.503',-0.225
'0:19.506',-0.215
'0:19.508',-0.210
'0:19.511',-0.200
'0:19.514',-0.215
'0:19.517',-0.215
'0:19.519',-0.235
'0:19.522',-0.210
'0:19.525',-0.195
'0:19.528',-0.200
'0:19.531',-0.210
'0:19.533',-0.205
'0:19.536',-0.195
'0:19.539',-0.190
'0:19.542',-0.165
'0:19.544',-0.170
'0:19.547',-0.170
'0:19.550',-0.180
'0:19.553',-0.175
'0:19.556',-0.175
'0:19.558',-0.140
'0:19.561',-0.140
'0:19.564',-0.160
'0:19.567',-0.165
'0:19.569',-0.155
'0:19.572',-0.125
'0:19.575',-0.105
'0:19.578',-0.100
'0:19.581',-0.115
'0:19.583',-0.115
'0:19.586',-0.115
'0:19.589',-0.100
'0:19.592',-0.075
'0:19.594',-0.065
'0:19.597',-0.065
'0:19.600',-0.050
'0:19.603',-0.050
'0:19.606',-0.045
'0:19.608',-0.025
'0:19.611',-0.005
'0:19.614',-0.015
'0:19.617',-0.010
'0:19.619',0.000
'0:19.622',0.010
'0:19.625',0.035
'0:19.628',0.050
'0:19.631',0.060
'0:19.633',0.080
'0:19.636',0.080
'0:19.639',0.110
'0:19.642',0.150
'0:19.644',0.155
'0:19.647',0.170
'0:19.650',0.170
'0:19.653',0.190
'0:19.656',0.240
'0:19.658',0.260
'0:19.661',0.295
'0:19.664',0.310
'0:19.667',0.320
'0:19.669',0.345
'0:19.672',0.370
'0:19.675',0.405
'0:19.678',0.445
'0:19.681',0.460
'0:19.683',0.485
'0:19.686',0.520
'0:19.689',0.550
'0:19.692',0.595
'0:19.694',0.620
'0:19.697',0.630
'0:19.700',0.640
'0:19.703',0.665
'0:19.706',0.705
'0:19.708',0.730
'0:19.711',0.765
'0:19.714',0.770
'0:19.717',0.770
'0:19.719',0.780
'0:19.722',0.790
'0:19.725',0.805
'0:19.728',0.795
'0:19.731',0.750
'0:19.733',0.705
'0:19.736',0.670
'0:19.739',0.640
'0:19.742',0.585
'0:19.744',0.530
'0:19.747',0.455
'0:19.750',0.380
'0:19.753',0.305
'0:19.756',0.255
'0:19.758',0.195
'0:19.761',0.140
'0:19.764',0.075
'0:19.767',0.005
'0:19.769',-0.040
'0:19.772',-0.080
'0:19.775',-0.105
'0:19.778',-0.135
'0:19.781',-0.180
'0:19.783',-0.220
'0:19.786',-0.255
'0:19.789',-0.260
'0:19.792',-0.270
'0:19.794',-0.265
'0:19.797',-0.275
'0:19.800',-0.310
'0:19.803',-0.320
'0:19.806',-0.330
'0:19.808',-0.300
'0:19.811',-0.310
'0:19.814',-0.320
'0:19.817',-0.340
'0:19.819',-0.350
'0:19.822',-0.340
'0:19.825',-0.340
'0:19.828',-0.340
'0:19.831',-0.350
'0:19.833',-0.360
'0:19.836',-0.360
'0:19.839',-0.360
'0:19.842',-0.345
'0:19.844',-0.350
'0:19.847',-0.360
'0:19.850',-0.385
'0:19.853',-0.370
'0:19.856',-0.365
'0:19.858',-0.340
'0:19.861',-0.335
'0:19.864',-0.340
'0:19.867',-0.345
'0:19.869',-0.345
'0:19.872',-0.340
'0:19.875',-0.330
'0:19.878',-0.335
'0:19.881',-0.330
'0:19.883',-0.335
'0:19.886',-0.345
'0:19.889',-0.325
'0:19.892',-0.320
'0:19.894',-0.315
'0:19.897',-0.320
'0:19.900',-0.330
'0:19.903',-0.335
'0:19.906',-0.330
'0:19.908',-0.315
'0:19.911',-0.320
'0:19.914',-0.320
'0:19.917',-0.350
'0:19.919',-0.345
'0:19.922',-0.335
'0:19.925',-0.330
'0:19.928',-0.320
'0:19.931',-0.320
'0:19.933',-0.350
'0:19.936',-0.345
'0:19.939',-0.335
'0:19.942',-0.325
'0:19.944',-0.320
'0:19.947',-0.325
'0:19.950',-0.355
'0:19.953',-0.355
'0:19.956',-0.360
'0:19.958',-0.330
'0:19.961',-0.340
'0:19.964',-0.360
'0:19.967',-0.375
'0:19.969',-0.360
'0:19.972',-0.350
'0:19.975',-0.350
'0:19.978',-0.355
'0:19.981',-0.355
'0:19.983',-0.370
'0:19.986',-0.370
'0:19.989',-0.355
'0:19.992',-0.350
'0:19.994',-0.350
'0:19.997',-0.370
